Time.[AllTimeKey],Time.[All Time],Time.[PlanningYearKey],Time.[Planning Year],Time.[PlanningQuarterKey],Time.[Planning Quarter],Time.[PlanningMonthKey],Time.[Planning Month],Time.[WeekKey],Time.[Week]
1/1/2001 12:00:00 AM,AllTime,12/28/2009 12:00:00 AM,2010,12/28/2009 12:00:00 AM,Q1-10,12/28/2009 12:00:00 AM,M01-10,12/28/2009 12:00:00 AM,28-Dec-2009
1/1/2001 12:00:00 AM,AllTime,12/28/2009 12:00:00 AM,2010,12/28/2009 12:00:00 AM,Q1-10,12/28/2009 12:00:00 AM,M01-10,1/4/2010 12:00:00 AM,04-Jan-2010
1/1/2001 12:00:00 AM,AllTime,12/28/2009 12:00:00 AM,2010,12/28/2009 12:00:00 AM,Q1-10,12/28/2009 12:00:00 AM,M01-10,1/11/2010 12:00:00 AM,11-Jan-2010
1/1/2001 12:00:00 AM,AllTime,12/28/2009 12:00:00 AM,2010,12/28/2009 12:00:00 AM,Q1-10,12/28/2009 12:00:00 AM,M01-10,1/18/2010 12:00:00 AM,18-Jan-2010
1/1/2001 12:00:00 AM,AllTime,12/28/2009 12:00:00 AM,2010,12/28/2009 12:00:00 AM,Q1-10,1/25/2010 12:00:00 AM,M02-10,1/25/2010 12:00:00 AM,25-Jan-2010
1/1/2001 12:00:00 AM,AllTime,12/28/2009 12:00:00 AM,2010,12/28/2009 12:00:00 AM,Q1-10,1/25/2010 12:00:00 AM,M02-10,2/1/2010 12:00:00 AM,01-Feb-2010
1/1/2001 12:00:00 AM,AllTime,12/28/2009 12:00:00 AM,2010,12/28/2009 12:00:00 AM,Q1-10,1/25/2010 12:00:00 AM,M02-10,2/8/2010 12:00:00 AM,08-Feb-2010
1/1/2001 12:00:00 AM,AllTime,12/28/2009 12:00:00 AM,2010,12/28/2009 12:00:00 AM,Q1-10,1/25/2010 12:00:00 AM,M02-10,2/15/2010 12:00:00 AM,15-Feb-2010
1/1/2001 12:00:00 AM,AllTime,12/28/2009 12:00:00 AM,2010,12/28/2009 12:00:00 AM,Q1-10,2/22/2010 12:00:00 AM,M03-10,2/22/2010 12:00:00 AM,22-Feb-2010
1/1/2001 12:00:00 AM,AllTime,12/28/2009 12:00:00 AM,2010,9/27/2010 12:00:00 AM,Q4-10,9/27/2010 12:00:00 AM,M10-10,10/4/2010 12:00:00 AM,04-Oct-2010
1/1/2001 12:00:00 AM,AllTime,12/28/2009 12:00:00 AM,2010,9/27/2010 12:00:00 AM,Q4-10,9/27/2010 12:00:00 AM,M10-10,10/11/2010 12:00:00 AM,11-Oct-2010
1/1/2001 12:00:00 AM,AllTime,12/28/2009 12:00:00 AM,2010,9/27/2010 12:00:00 AM,Q4-10,9/27/2010 12:00:00 AM,M10-10,10/18/2010 12:00:00 AM,18-Oct-2010
1/1/2001 12:00:00 AM,AllTime,12/28/2009 12:00:00 AM,2010,9/27/2010 12:00:00 AM,Q4-10,10/25/2010 12:00:00 AM,M11-10,10/25/2010 12:00:00 AM,25-Oct-2010
1/1/2001 12:00:00 AM,AllTime,12/28/2009 12:00:00 AM,2010,9/27/2010 12:00:00 AM,Q4-10,10/25/2010 12:00:00 AM,M11-10,11/1/2010 12:00:00 AM,01-Nov-2010
1/1/2001 12:00:00 AM,AllTime,12/28/2009 12:00:00 AM,2010,9/27/2010 12:00:00 AM,Q4-10,10/25/2010 12:00:00 AM,M11-10,11/8/2010 12:00:00 AM,08-Nov-2010
1/1/2001 12:00:00 AM,AllTime,12/28/2009 12:00:00 AM,2010,9/27/2010 12:00:00 AM,Q4-10,10/25/2010 12:00:00 AM,M11-10,11/15/2010 12:00:00 AM,15-Nov-2010
1/1/2001 12:00:00 AM,AllTime,12/28/2009 12:00:00 AM,2010,9/27/2010 12:00:00 AM,Q4-10,11/22/2010 12:00:00 AM,M12-10,11/22/2010 12:00:00 AM,22-Nov-2010
1/1/2001 12:00:00 AM,AllTime,12/28/2009 12:00:00 AM,2010,9/27/2010 12:00:00 AM,Q4-10,11/22/2010 12:00:00 AM,M12-10,11/29/2010 12:00:00 AM,29-Nov-2010
1/1/2001 12:00:00 AM,AllTime,12/28/2009 12:00:00 AM,2010,9/27/2010 12:00:00 AM,Q4-10,11/22/2010 12:00:00 AM,M12-10,12/6/2010 12:00:00 AM,06-Dec-2010
1/1/2001 12:00:00 AM,AllTime,12/28/2009 12:00:00 AM,2010,9/27/2010 12:00:00 AM,Q4-10,11/22/2010 12:00:00 AM,M12-10,12/13/2010 12:00:00 AM,13-Dec-2010
1/1/2001 12:00:00 AM,AllTime,12/28/2009 12:00:00 AM,2010,9/27/2010 12:00:00 AM,Q4-10,11/22/2010 12:00:00 AM,M12-10,12/20/2010 12:00:00 AM,20-Dec-2010
1/1/2001 12:00:00 AM,AllTime,12/27/2010 12:00:00 AM,2011,12/27/2010 12:00:00 AM,Q1-11,12/27/2010 12:00:00 AM,M01-11,12/27/2010 12:00:00 AM,27-Dec-2010
1/1/2001 12:00:00 AM,AllTime,12/27/2010 12:00:00 AM,2011,12/27/2010 12:00:00 AM,Q1-11,12/27/2010 12:00:00 AM,M01-11,1/3/2011 12:00:00 AM,03-Jan-2011
1/1/2001 12:00:00 AM,AllTime,12/27/2010 12:00:00 AM,2011,12/27/2010 12:00:00 AM,Q1-11,12/27/2010 12:00:00 AM,M01-11,1/10/2011 12:00:00 AM,10-Jan-2011
1/1/2001 12:00:00 AM,AllTime,12/27/2010 12:00:00 AM,2011,12/27/2010 12:00:00 AM,Q1-11,12/27/2010 12:00:00 AM,M01-11,1/17/2011 12:00:00 AM,17-Jan-2011
1/1/2001 12:00:00 AM,AllTime,12/27/2010 12:00:00 AM,2011,12/27/2010 12:00:00 AM,Q1-11,1/24/2011 12:00:00 AM,M02-11,1/24/2011 12:00:00 AM,24-Jan-2011
1/1/2001 12:00:00 AM,AllTime,12/27/2010 12:00:00 AM,2011,12/27/2010 12:00:00 AM,Q1-11,1/24/2011 12:00:00 AM,M02-11,1/31/2011 12:00:00 AM,31-Jan-2011
1/1/2001 12:00:00 AM,AllTime,12/27/2010 12:00:00 AM,2011,12/27/2010 12:00:00 AM,Q1-11,1/24/2011 12:00:00 AM,M02-11,2/7/2011 12:00:00 AM,07-Feb-2011
1/1/2001 12:00:00 AM,AllTime,12/27/2010 12:00:00 AM,2011,12/27/2010 12:00:00 AM,Q1-11,1/24/2011 12:00:00 AM,M02-11,2/14/2011 12:00:00 AM,14-Feb-2011
1/1/2001 12:00:00 AM,AllTime,12/27/2010 12:00:00 AM,2011,12/27/2010 12:00:00 AM,Q1-11,2/21/2011 12:00:00 AM,M03-11,2/21/2011 12:00:00 AM,21-Feb-2011
1/1/2001 12:00:00 AM,AllTime,12/27/2010 12:00:00 AM,2011,12/27/2010 12:00:00 AM,Q1-11,2/21/2011 12:00:00 AM,M03-11,2/28/2011 12:00:00 AM,28-Feb-2011
1/1/2001 12:00:00 AM,AllTime,12/27/2010 12:00:00 AM,2011,9/26/2011 12:00:00 AM,Q4-11,9/26/2011 12:00:00 AM,M10-11,10/3/2011 12:00:00 AM,03-Oct-2011
1/1/2001 12:00:00 AM,AllTime,12/27/2010 12:00:00 AM,2011,9/26/2011 12:00:00 AM,Q4-11,9/26/2011 12:00:00 AM,M10-11,10/10/2011 12:00:00 AM,10-Oct-2011
1/1/2001 12:00:00 AM,AllTime,12/27/2010 12:00:00 AM,2011,9/26/2011 12:00:00 AM,Q4-11,9/26/2011 12:00:00 AM,M10-11,10/17/2011 12:00:00 AM,17-Oct-2011
1/1/2001 12:00:00 AM,AllTime,12/27/2010 12:00:00 AM,2011,9/26/2011 12:00:00 AM,Q4-11,10/24/2011 12:00:00 AM,M11-11,10/24/2011 12:00:00 AM,24-Oct-2011
1/1/2001 12:00:00 AM,AllTime,12/27/2010 12:00:00 AM,2011,9/26/2011 12:00:00 AM,Q4-11,10/24/2011 12:00:00 AM,M11-11,10/31/2011 12:00:00 AM,31-Oct-2011
1/1/2001 12:00:00 AM,AllTime,12/27/2010 12:00:00 AM,2011,9/26/2011 12:00:00 AM,Q4-11,10/24/2011 12:00:00 AM,M11-11,11/7/2011 12:00:00 AM,07-Nov-2011
1/1/2001 12:00:00 AM,AllTime,12/27/2010 12:00:00 AM,2011,9/26/2011 12:00:00 AM,Q4-11,10/24/2011 12:00:00 AM,M11-11,11/14/2011 12:00:00 AM,14-Nov-2011
1/1/2001 12:00:00 AM,AllTime,12/27/2010 12:00:00 AM,2011,9/26/2011 12:00:00 AM,Q4-11,11/21/2011 12:00:00 AM,M12-11,11/21/2011 12:00:00 AM,21-Nov-2011
1/1/2001 12:00:00 AM,AllTime,12/27/2010 12:00:00 AM,2011,9/26/2011 12:00:00 AM,Q4-11,11/21/2011 12:00:00 AM,M12-11,11/28/2011 12:00:00 AM,28-Nov-2011
1/1/2001 12:00:00 AM,AllTime,12/27/2010 12:00:00 AM,2011,9/26/2011 12:00:00 AM,Q4-11,11/21/2011 12:00:00 AM,M12-11,12/5/2011 12:00:00 AM,05-Dec-2011
1/1/2001 12:00:00 AM,AllTime,12/27/2010 12:00:00 AM,2011,9/26/2011 12:00:00 AM,Q4-11,11/21/2011 12:00:00 AM,M12-11,12/12/2011 12:00:00 AM,12-Dec-2011
1/1/2001 12:00:00 AM,AllTime,12/27/2010 12:00:00 AM,2011,9/26/2011 12:00:00 AM,Q4-11,11/21/2011 12:00:00 AM,M12-11,12/19/2011 12:00:00 AM,19-Dec-2011
1/1/2001 12:00:00 AM,AllTime,12/26/2011 12:00:00 AM,2012,12/26/2011 12:00:00 AM,Q1-12,12/26/2011 12:00:00 AM,M01-12,12/26/2011 12:00:00 AM,26-Dec-2011
1/1/2001 12:00:00 AM,AllTime,12/26/2011 12:00:00 AM,2012,12/26/2011 12:00:00 AM,Q1-12,12/26/2011 12:00:00 AM,M01-12,1/2/2012 12:00:00 AM,02-Jan-2012
1/1/2001 12:00:00 AM,AllTime,12/26/2011 12:00:00 AM,2012,12/26/2011 12:00:00 AM,Q1-12,12/26/2011 12:00:00 AM,M01-12,1/9/2012 12:00:00 AM,09-Jan-2012
1/1/2001 12:00:00 AM,AllTime,12/26/2011 12:00:00 AM,2012,12/26/2011 12:00:00 AM,Q1-12,12/26/2011 12:00:00 AM,M01-12,1/16/2012 12:00:00 AM,16-Jan-2012
1/1/2001 12:00:00 AM,AllTime,12/26/2011 12:00:00 AM,2012,12/26/2011 12:00:00 AM,Q1-12,1/23/2012 12:00:00 AM,M02-12,1/23/2012 12:00:00 AM,23-Jan-2012
1/1/2001 12:00:00 AM,AllTime,12/26/2011 12:00:00 AM,2012,12/26/2011 12:00:00 AM,Q1-12,1/23/2012 12:00:00 AM,M02-12,1/30/2012 12:00:00 AM,30-Jan-2012
1/1/2001 12:00:00 AM,AllTime,12/26/2011 12:00:00 AM,2012,12/26/2011 12:00:00 AM,Q1-12,1/23/2012 12:00:00 AM,M02-12,2/6/2012 12:00:00 AM,06-Feb-2012
1/1/2001 12:00:00 AM,AllTime,12/26/2011 12:00:00 AM,2012,12/26/2011 12:00:00 AM,Q1-12,1/23/2012 12:00:00 AM,M02-12,2/13/2012 12:00:00 AM,13-Feb-2012
1/1/2001 12:00:00 AM,AllTime,12/26/2011 12:00:00 AM,2012,12/26/2011 12:00:00 AM,Q1-12,2/20/2012 12:00:00 AM,M03-12,2/20/2012 12:00:00 AM,20-Feb-2012
1/1/2001 12:00:00 AM,AllTime,12/26/2011 12:00:00 AM,2012,12/26/2011 12:00:00 AM,Q1-12,2/20/2012 12:00:00 AM,M03-12,2/27/2012 12:00:00 AM,27-Feb-2012
1/1/2001 12:00:00 AM,AllTime,12/26/2011 12:00:00 AM,2012,9/24/2012 12:00:00 AM,Q4-12,9/24/2012 12:00:00 AM,M10-12,10/1/2012 12:00:00 AM,01-Oct-2012
1/1/2001 12:00:00 AM,AllTime,12/26/2011 12:00:00 AM,2012,9/24/2012 12:00:00 AM,Q4-12,9/24/2012 12:00:00 AM,M10-12,10/8/2012 12:00:00 AM,08-Oct-2012
1/1/2001 12:00:00 AM,AllTime,12/26/2011 12:00:00 AM,2012,9/24/2012 12:00:00 AM,Q4-12,9/24/2012 12:00:00 AM,M10-12,10/15/2012 12:00:00 AM,15-Oct-2012
1/1/2001 12:00:00 AM,AllTime,12/26/2011 12:00:00 AM,2012,9/24/2012 12:00:00 AM,Q4-12,10/22/2012 12:00:00 AM,M11-12,10/22/2012 12:00:00 AM,22-Oct-2012
1/1/2001 12:00:00 AM,AllTime,12/26/2011 12:00:00 AM,2012,9/24/2012 12:00:00 AM,Q4-12,10/22/2012 12:00:00 AM,M11-12,10/29/2012 12:00:00 AM,29-Oct-2012
1/1/2001 12:00:00 AM,AllTime,12/26/2011 12:00:00 AM,2012,9/24/2012 12:00:00 AM,Q4-12,10/22/2012 12:00:00 AM,M11-12,11/5/2012 12:00:00 AM,05-Nov-2012
1/1/2001 12:00:00 AM,AllTime,12/26/2011 12:00:00 AM,2012,9/24/2012 12:00:00 AM,Q4-12,10/22/2012 12:00:00 AM,M11-12,11/12/2012 12:00:00 AM,12-Nov-2012
1/1/2001 12:00:00 AM,AllTime,12/26/2011 12:00:00 AM,2012,9/24/2012 12:00:00 AM,Q4-12,11/19/2012 12:00:00 AM,M12-12,11/19/2012 12:00:00 AM,19-Nov-2012
1/1/2001 12:00:00 AM,AllTime,12/26/2011 12:00:00 AM,2012,9/24/2012 12:00:00 AM,Q4-12,11/19/2012 12:00:00 AM,M12-12,11/26/2012 12:00:00 AM,26-Nov-2012
1/1/2001 12:00:00 AM,AllTime,12/26/2011 12:00:00 AM,2012,9/24/2012 12:00:00 AM,Q4-12,11/19/2012 12:00:00 AM,M12-12,12/3/2012 12:00:00 AM,03-Dec-2012
1/1/2001 12:00:00 AM,AllTime,12/26/2011 12:00:00 AM,2012,9/24/2012 12:00:00 AM,Q4-12,11/19/2012 12:00:00 AM,M12-12,12/10/2012 12:00:00 AM,10-Dec-2012
1/1/2001 12:00:00 AM,AllTime,12/26/2011 12:00:00 AM,2012,9/24/2012 12:00:00 AM,Q4-12,11/19/2012 12:00:00 AM,M12-12,12/17/2012 12:00:00 AM,17-Dec-2012
1/1/2001 12:00:00 AM,AllTime,12/24/2012 12:00:00 AM,2013,12/24/2012 12:00:00 AM,Q1-13,12/24/2012 12:00:00 AM,M01-13,12/24/2012 12:00:00 AM,24-Dec-2012
1/1/2001 12:00:00 AM,AllTime,12/24/2012 12:00:00 AM,2013,12/24/2012 12:00:00 AM,Q1-13,12/24/2012 12:00:00 AM,M01-13,12/31/2012 12:00:00 AM,31-Dec-2012
1/1/2001 12:00:00 AM,AllTime,12/24/2012 12:00:00 AM,2013,12/24/2012 12:00:00 AM,Q1-13,12/24/2012 12:00:00 AM,M01-13,1/7/2013 12:00:00 AM,07-Jan-2013
1/1/2001 12:00:00 AM,AllTime,12/24/2012 12:00:00 AM,2013,12/24/2012 12:00:00 AM,Q1-13,12/24/2012 12:00:00 AM,M01-13,1/14/2013 12:00:00 AM,14-Jan-2013
1/1/2001 12:00:00 AM,AllTime,12/24/2012 12:00:00 AM,2013,12/24/2012 12:00:00 AM,Q1-13,1/21/2013 12:00:00 AM,M02-13,1/21/2013 12:00:00 AM,21-Jan-2013
1/1/2001 12:00:00 AM,AllTime,12/24/2012 12:00:00 AM,2013,12/24/2012 12:00:00 AM,Q1-13,1/21/2013 12:00:00 AM,M02-13,1/28/2013 12:00:00 AM,28-Jan-2013
1/1/2001 12:00:00 AM,AllTime,12/24/2012 12:00:00 AM,2013,12/24/2012 12:00:00 AM,Q1-13,1/21/2013 12:00:00 AM,M02-13,2/4/2013 12:00:00 AM,04-Feb-2013
1/1/2001 12:00:00 AM,AllTime,12/24/2012 12:00:00 AM,2013,12/24/2012 12:00:00 AM,Q1-13,1/21/2013 12:00:00 AM,M02-13,2/11/2013 12:00:00 AM,11-Feb-2013
1/1/2001 12:00:00 AM,AllTime,12/24/2012 12:00:00 AM,2013,12/24/2012 12:00:00 AM,Q1-13,2/18/2013 12:00:00 AM,M03-13,2/18/2013 12:00:00 AM,18-Feb-2013
1/1/2001 12:00:00 AM,AllTime,12/24/2012 12:00:00 AM,2013,12/24/2012 12:00:00 AM,Q1-13,2/18/2013 12:00:00 AM,M03-13,2/25/2013 12:00:00 AM,25-Feb-2013
1/1/2001 12:00:00 AM,AllTime,12/24/2012 12:00:00 AM,2013,9/23/2013 12:00:00 AM,Q4-13,9/23/2013 12:00:00 AM,M10-13,10/7/2013 12:00:00 AM,07-Oct-2013
1/1/2001 12:00:00 AM,AllTime,12/24/2012 12:00:00 AM,2013,9/23/2013 12:00:00 AM,Q4-13,9/23/2013 12:00:00 AM,M10-13,10/14/2013 12:00:00 AM,14-Oct-2013
1/1/2001 12:00:00 AM,AllTime,12/24/2012 12:00:00 AM,2013,9/23/2013 12:00:00 AM,Q4-13,10/21/2013 12:00:00 AM,M11-13,10/21/2013 12:00:00 AM,21-Oct-2013
1/1/2001 12:00:00 AM,AllTime,12/24/2012 12:00:00 AM,2013,9/23/2013 12:00:00 AM,Q4-13,10/21/2013 12:00:00 AM,M11-13,10/28/2013 12:00:00 AM,28-Oct-2013
1/1/2001 12:00:00 AM,AllTime,12/24/2012 12:00:00 AM,2013,9/23/2013 12:00:00 AM,Q4-13,10/21/2013 12:00:00 AM,M11-13,11/4/2013 12:00:00 AM,04-Nov-2013
1/1/2001 12:00:00 AM,AllTime,12/24/2012 12:00:00 AM,2013,9/23/2013 12:00:00 AM,Q4-13,10/21/2013 12:00:00 AM,M11-13,11/11/2013 12:00:00 AM,11-Nov-2013
1/1/2001 12:00:00 AM,AllTime,12/24/2012 12:00:00 AM,2013,9/23/2013 12:00:00 AM,Q4-13,10/21/2013 12:00:00 AM,M11-13,11/18/2013 12:00:00 AM,18-Nov-2013
1/1/2001 12:00:00 AM,AllTime,12/24/2012 12:00:00 AM,2013,9/23/2013 12:00:00 AM,Q4-13,11/25/2013 12:00:00 AM,M12-13,11/25/2013 12:00:00 AM,25-Nov-2013
1/1/2001 12:00:00 AM,AllTime,12/24/2012 12:00:00 AM,2013,9/23/2013 12:00:00 AM,Q4-13,11/25/2013 12:00:00 AM,M12-13,12/2/2013 12:00:00 AM,02-Dec-2013
1/1/2001 12:00:00 AM,AllTime,12/24/2012 12:00:00 AM,2013,9/23/2013 12:00:00 AM,Q4-13,11/25/2013 12:00:00 AM,M12-13,12/9/2013 12:00:00 AM,09-Dec-2013
1/1/2001 12:00:00 AM,AllTime,12/24/2012 12:00:00 AM,2013,9/23/2013 12:00:00 AM,Q4-13,11/25/2013 12:00:00 AM,M12-13,12/16/2013 12:00:00 AM,16-Dec-2013
1/1/2001 12:00:00 AM,AllTime,12/24/2012 12:00:00 AM,2013,9/23/2013 12:00:00 AM,Q4-13,11/25/2013 12:00:00 AM,M12-13,12/23/2013 12:00:00 AM,23-Dec-2013
1/1/2001 12:00:00 AM,AllTime,12/30/2013 12:00:00 AM,2014,12/30/2013 12:00:00 AM,Q1-14,12/30/2013 12:00:00 AM,M01-14,12/30/2013 12:00:00 AM,30-Dec-2013
1/1/2001 12:00:00 AM,AllTime,12/30/2013 12:00:00 AM,2014,12/30/2013 12:00:00 AM,Q1-14,12/30/2013 12:00:00 AM,M01-14,1/6/2014 12:00:00 AM,06-Jan-2014
1/1/2001 12:00:00 AM,AllTime,12/30/2013 12:00:00 AM,2014,12/30/2013 12:00:00 AM,Q1-14,12/30/2013 12:00:00 AM,M01-14,1/13/2014 12:00:00 AM,13-Jan-2014
1/1/2001 12:00:00 AM,AllTime,12/30/2013 12:00:00 AM,2014,12/30/2013 12:00:00 AM,Q1-14,12/30/2013 12:00:00 AM,M01-14,1/20/2014 12:00:00 AM,20-Jan-2014
1/1/2001 12:00:00 AM,AllTime,12/30/2013 12:00:00 AM,2014,12/30/2013 12:00:00 AM,Q1-14,1/27/2014 12:00:00 AM,M02-14,1/27/2014 12:00:00 AM,27-Jan-2014
1/1/2001 12:00:00 AM,AllTime,12/30/2013 12:00:00 AM,2014,12/30/2013 12:00:00 AM,Q1-14,1/27/2014 12:00:00 AM,M02-14,2/3/2014 12:00:00 AM,03-Feb-2014
1/1/2001 12:00:00 AM,AllTime,12/30/2013 12:00:00 AM,2014,12/30/2013 12:00:00 AM,Q1-14,1/27/2014 12:00:00 AM,M02-14,2/10/2014 12:00:00 AM,10-Feb-2014
1/1/2001 12:00:00 AM,AllTime,12/30/2013 12:00:00 AM,2014,12/30/2013 12:00:00 AM,Q1-14,1/27/2014 12:00:00 AM,M02-14,2/17/2014 12:00:00 AM,17-Feb-2014
1/1/2001 12:00:00 AM,AllTime,12/30/2013 12:00:00 AM,2014,12/30/2013 12:00:00 AM,Q1-14,2/24/2014 12:00:00 AM,M03-14,2/24/2014 12:00:00 AM,24-Feb-2014
1/1/2001 12:00:00 AM,AllTime,12/30/2013 12:00:00 AM,2014,9/29/2014 12:00:00 AM,Q4-14,9/29/2014 12:00:00 AM,M10-14,10/6/2014 12:00:00 AM,06-Oct-2014
1/1/2001 12:00:00 AM,AllTime,12/30/2013 12:00:00 AM,2014,9/29/2014 12:00:00 AM,Q4-14,9/29/2014 12:00:00 AM,M10-14,10/13/2014 12:00:00 AM,13-Oct-2014
1/1/2001 12:00:00 AM,AllTime,12/30/2013 12:00:00 AM,2014,9/29/2014 12:00:00 AM,Q4-14,9/29/2014 12:00:00 AM,M10-14,10/20/2014 12:00:00 AM,20-Oct-2014
1/1/2001 12:00:00 AM,AllTime,12/30/2013 12:00:00 AM,2014,9/29/2014 12:00:00 AM,Q4-14,10/27/2014 12:00:00 AM,M11-14,10/27/2014 12:00:00 AM,27-Oct-2014
1/1/2001 12:00:00 AM,AllTime,12/30/2013 12:00:00 AM,2014,9/29/2014 12:00:00 AM,Q4-14,10/27/2014 12:00:00 AM,M11-14,11/3/2014 12:00:00 AM,03-Nov-2014
1/1/2001 12:00:00 AM,AllTime,12/30/2013 12:00:00 AM,2014,9/29/2014 12:00:00 AM,Q4-14,10/27/2014 12:00:00 AM,M11-14,11/10/2014 12:00:00 AM,10-Nov-2014
1/1/2001 12:00:00 AM,AllTime,12/30/2013 12:00:00 AM,2014,9/29/2014 12:00:00 AM,Q4-14,10/27/2014 12:00:00 AM,M11-14,11/17/2014 12:00:00 AM,17-Nov-2014
1/1/2001 12:00:00 AM,AllTime,12/30/2013 12:00:00 AM,2014,9/29/2014 12:00:00 AM,Q4-14,11/24/2014 12:00:00 AM,M12-14,11/24/2014 12:00:00 AM,24-Nov-2014
1/1/2001 12:00:00 AM,AllTime,12/30/2013 12:00:00 AM,2014,9/29/2014 12:00:00 AM,Q4-14,11/24/2014 12:00:00 AM,M12-14,12/1/2014 12:00:00 AM,01-Dec-2014
1/1/2001 12:00:00 AM,AllTime,12/30/2013 12:00:00 AM,2014,9/29/2014 12:00:00 AM,Q4-14,11/24/2014 12:00:00 AM,M12-14,12/8/2014 12:00:00 AM,08-Dec-2014
1/1/2001 12:00:00 AM,AllTime,12/30/2013 12:00:00 AM,2014,9/29/2014 12:00:00 AM,Q4-14,11/24/2014 12:00:00 AM,M12-14,12/15/2014 12:00:00 AM,15-Dec-2014
1/1/2001 12:00:00 AM,AllTime,12/30/2013 12:00:00 AM,2014,9/29/2014 12:00:00 AM,Q4-14,11/24/2014 12:00:00 AM,M12-14,12/22/2014 12:00:00 AM,22-Dec-2014
1/1/2001 12:00:00 AM,AllTime,12/29/2014 12:00:00 AM,2015,12/29/2014 12:00:00 AM,Q1-15,12/29/2014 12:00:00 AM,M01-15,12/29/2014 12:00:00 AM,29-Dec-2014
1/1/2001 12:00:00 AM,AllTime,12/29/2014 12:00:00 AM,2015,12/29/2014 12:00:00 AM,Q1-15,12/29/2014 12:00:00 AM,M01-15,1/5/2015 12:00:00 AM,05-Jan-2015
1/1/2001 12:00:00 AM,AllTime,12/29/2014 12:00:00 AM,2015,12/29/2014 12:00:00 AM,Q1-15,12/29/2014 12:00:00 AM,M01-15,1/12/2015 12:00:00 AM,12-Jan-2015
1/1/2001 12:00:00 AM,AllTime,12/29/2014 12:00:00 AM,2015,12/29/2014 12:00:00 AM,Q1-15,12/29/2014 12:00:00 AM,M01-15,1/19/2015 12:00:00 AM,19-Jan-2015
1/1/2001 12:00:00 AM,AllTime,12/29/2014 12:00:00 AM,2015,12/29/2014 12:00:00 AM,Q1-15,1/26/2015 12:00:00 AM,M02-15,1/26/2015 12:00:00 AM,26-Jan-2015
1/1/2001 12:00:00 AM,AllTime,12/29/2014 12:00:00 AM,2015,12/29/2014 12:00:00 AM,Q1-15,1/26/2015 12:00:00 AM,M02-15,2/2/2015 12:00:00 AM,02-Feb-2015
1/1/2001 12:00:00 AM,AllTime,12/29/2014 12:00:00 AM,2015,12/29/2014 12:00:00 AM,Q1-15,1/26/2015 12:00:00 AM,M02-15,2/9/2015 12:00:00 AM,09-Feb-2015
1/1/2001 12:00:00 AM,AllTime,12/29/2014 12:00:00 AM,2015,12/29/2014 12:00:00 AM,Q1-15,1/26/2015 12:00:00 AM,M02-15,2/16/2015 12:00:00 AM,16-Feb-2015
1/1/2001 12:00:00 AM,AllTime,12/29/2014 12:00:00 AM,2015,12/29/2014 12:00:00 AM,Q1-15,2/23/2015 12:00:00 AM,M03-15,2/23/2015 12:00:00 AM,23-Feb-2015
1/1/2001 12:00:00 AM,AllTime,12/29/2014 12:00:00 AM,2015,9/28/2015 12:00:00 AM,Q4-15,9/28/2015 12:00:00 AM,M10-15,10/5/2015 12:00:00 AM,05-Oct-2015
1/1/2001 12:00:00 AM,AllTime,12/29/2014 12:00:00 AM,2015,9/28/2015 12:00:00 AM,Q4-15,9/28/2015 12:00:00 AM,M10-15,10/12/2015 12:00:00 AM,12-Oct-2015
1/1/2001 12:00:00 AM,AllTime,12/29/2014 12:00:00 AM,2015,9/28/2015 12:00:00 AM,Q4-15,9/28/2015 12:00:00 AM,M10-15,10/19/2015 12:00:00 AM,19-Oct-2015
1/1/2001 12:00:00 AM,AllTime,12/29/2014 12:00:00 AM,2015,9/28/2015 12:00:00 AM,Q4-15,10/26/2015 12:00:00 AM,M11-15,10/26/2015 12:00:00 AM,26-Oct-2015
1/1/2001 12:00:00 AM,AllTime,12/29/2014 12:00:00 AM,2015,9/28/2015 12:00:00 AM,Q4-15,10/26/2015 12:00:00 AM,M11-15,11/2/2015 12:00:00 AM,02-Nov-2015
1/1/2001 12:00:00 AM,AllTime,12/29/2014 12:00:00 AM,2015,9/28/2015 12:00:00 AM,Q4-15,10/26/2015 12:00:00 AM,M11-15,11/9/2015 12:00:00 AM,09-Nov-2015
1/1/2001 12:00:00 AM,AllTime,12/29/2014 12:00:00 AM,2015,9/28/2015 12:00:00 AM,Q4-15,10/26/2015 12:00:00 AM,M11-15,11/16/2015 12:00:00 AM,16-Nov-2015
1/1/2001 12:00:00 AM,AllTime,12/29/2014 12:00:00 AM,2015,9/28/2015 12:00:00 AM,Q4-15,11/23/2015 12:00:00 AM,M12-15,11/23/2015 12:00:00 AM,23-Nov-2015
1/1/2001 12:00:00 AM,AllTime,12/29/2014 12:00:00 AM,2015,9/28/2015 12:00:00 AM,Q4-15,11/23/2015 12:00:00 AM,M12-15,11/30/2015 12:00:00 AM,30-Nov-2015
1/1/2001 12:00:00 AM,AllTime,12/29/2014 12:00:00 AM,2015,9/28/2015 12:00:00 AM,Q4-15,11/23/2015 12:00:00 AM,M12-15,12/7/2015 12:00:00 AM,07-Dec-2015
1/1/2001 12:00:00 AM,AllTime,12/29/2014 12:00:00 AM,2015,9/28/2015 12:00:00 AM,Q4-15,11/23/2015 12:00:00 AM,M12-15,12/14/2015 12:00:00 AM,14-Dec-2015
1/1/2001 12:00:00 AM,AllTime,12/29/2014 12:00:00 AM,2015,9/28/2015 12:00:00 AM,Q4-15,11/23/2015 12:00:00 AM,M12-15,12/21/2015 12:00:00 AM,21-Dec-2015
1/1/2001 12:00:00 AM,AllTime,12/28/2015 12:00:00 AM,2016,12/28/2015 12:00:00 AM,Q1-16,12/28/2015 12:00:00 AM,M01-16,12/28/2015 12:00:00 AM,28-Dec-2015
1/1/2001 12:00:00 AM,AllTime,12/28/2015 12:00:00 AM,2016,12/28/2015 12:00:00 AM,Q1-16,12/28/2015 12:00:00 AM,M01-16,1/4/2016 12:00:00 AM,04-Jan-2016
1/1/2001 12:00:00 AM,AllTime,12/28/2015 12:00:00 AM,2016,12/28/2015 12:00:00 AM,Q1-16,12/28/2015 12:00:00 AM,M01-16,1/11/2016 12:00:00 AM,11-Jan-2016
1/1/2001 12:00:00 AM,AllTime,12/28/2015 12:00:00 AM,2016,12/28/2015 12:00:00 AM,Q1-16,12/28/2015 12:00:00 AM,M01-16,1/18/2016 12:00:00 AM,18-Jan-2016
1/1/2001 12:00:00 AM,AllTime,12/28/2015 12:00:00 AM,2016,12/28/2015 12:00:00 AM,Q1-16,1/25/2016 12:00:00 AM,M02-16,1/25/2016 12:00:00 AM,25-Jan-2016
1/1/2001 12:00:00 AM,AllTime,12/28/2015 12:00:00 AM,2016,12/28/2015 12:00:00 AM,Q1-16,1/25/2016 12:00:00 AM,M02-16,2/1/2016 12:00:00 AM,01-Feb-2016
1/1/2001 12:00:00 AM,AllTime,12/28/2015 12:00:00 AM,2016,12/28/2015 12:00:00 AM,Q1-16,1/25/2016 12:00:00 AM,M02-16,2/8/2016 12:00:00 AM,08-Feb-2016
1/1/2001 12:00:00 AM,AllTime,12/28/2015 12:00:00 AM,2016,12/28/2015 12:00:00 AM,Q1-16,1/25/2016 12:00:00 AM,M02-16,2/15/2016 12:00:00 AM,15-Feb-2016
1/1/2001 12:00:00 AM,AllTime,12/28/2015 12:00:00 AM,2016,12/28/2015 12:00:00 AM,Q1-16,2/22/2016 12:00:00 AM,M03-16,2/22/2016 12:00:00 AM,22-Feb-2016
1/1/2001 12:00:00 AM,AllTime,12/28/2015 12:00:00 AM,2016,12/28/2015 12:00:00 AM,Q1-16,2/22/2016 12:00:00 AM,M03-16,2/29/2016 12:00:00 AM,29-Feb-2016
1/1/2001 12:00:00 AM,AllTime,12/28/2015 12:00:00 AM,2016,9/26/2016 12:00:00 AM,Q4-16,9/26/2016 12:00:00 AM,M10-16,10/3/2016 12:00:00 AM,03-Oct-2016
1/1/2001 12:00:00 AM,AllTime,12/28/2015 12:00:00 AM,2016,9/26/2016 12:00:00 AM,Q4-16,9/26/2016 12:00:00 AM,M10-16,10/10/2016 12:00:00 AM,10-Oct-2016
1/1/2001 12:00:00 AM,AllTime,12/28/2015 12:00:00 AM,2016,9/26/2016 12:00:00 AM,Q4-16,9/26/2016 12:00:00 AM,M10-16,10/17/2016 12:00:00 AM,17-Oct-2016
1/1/2001 12:00:00 AM,AllTime,12/28/2015 12:00:00 AM,2016,9/26/2016 12:00:00 AM,Q4-16,10/24/2016 12:00:00 AM,M11-16,10/24/2016 12:00:00 AM,24-Oct-2016
1/1/2001 12:00:00 AM,AllTime,12/28/2015 12:00:00 AM,2016,9/26/2016 12:00:00 AM,Q4-16,10/24/2016 12:00:00 AM,M11-16,10/31/2016 12:00:00 AM,31-Oct-2016
1/1/2001 12:00:00 AM,AllTime,12/28/2015 12:00:00 AM,2016,9/26/2016 12:00:00 AM,Q4-16,10/24/2016 12:00:00 AM,M11-16,11/7/2016 12:00:00 AM,07-Nov-2016
1/1/2001 12:00:00 AM,AllTime,12/28/2015 12:00:00 AM,2016,9/26/2016 12:00:00 AM,Q4-16,10/24/2016 12:00:00 AM,M11-16,11/14/2016 12:00:00 AM,14-Nov-2016
1/1/2001 12:00:00 AM,AllTime,12/28/2015 12:00:00 AM,2016,9/26/2016 12:00:00 AM,Q4-16,11/21/2016 12:00:00 AM,M12-16,11/21/2016 12:00:00 AM,21-Nov-2016
1/1/2001 12:00:00 AM,AllTime,12/28/2015 12:00:00 AM,2016,9/26/2016 12:00:00 AM,Q4-16,11/21/2016 12:00:00 AM,M12-16,11/28/2016 12:00:00 AM,28-Nov-2016
1/1/2001 12:00:00 AM,AllTime,12/28/2015 12:00:00 AM,2016,9/26/2016 12:00:00 AM,Q4-16,11/21/2016 12:00:00 AM,M12-16,12/5/2016 12:00:00 AM,05-Dec-2016
1/1/2001 12:00:00 AM,AllTime,12/28/2015 12:00:00 AM,2016,9/26/2016 12:00:00 AM,Q4-16,11/21/2016 12:00:00 AM,M12-16,12/12/2016 12:00:00 AM,12-Dec-2016
1/1/2001 12:00:00 AM,AllTime,12/28/2015 12:00:00 AM,2016,9/26/2016 12:00:00 AM,Q4-16,11/21/2016 12:00:00 AM,M12-16,12/19/2016 12:00:00 AM,19-Dec-2016
1/1/2001 12:00:00 AM,AllTime,12/26/2016 12:00:00 AM,2017,12/26/2016 12:00:00 AM,Q1-17,12/26/2016 12:00:00 AM,M01-17,12/26/2016 12:00:00 AM,26-Dec-2016
1/1/2001 12:00:00 AM,AllTime,12/26/2016 12:00:00 AM,2017,12/26/2016 12:00:00 AM,Q1-17,12/26/2016 12:00:00 AM,M01-17,1/2/2017 12:00:00 AM,02-Jan-2017
1/1/2001 12:00:00 AM,AllTime,12/26/2016 12:00:00 AM,2017,12/26/2016 12:00:00 AM,Q1-17,12/26/2016 12:00:00 AM,M01-17,1/9/2017 12:00:00 AM,09-Jan-2017
1/1/2001 12:00:00 AM,AllTime,12/26/2016 12:00:00 AM,2017,12/26/2016 12:00:00 AM,Q1-17,12/26/2016 12:00:00 AM,M01-17,1/16/2017 12:00:00 AM,16-Jan-2017
1/1/2001 12:00:00 AM,AllTime,12/26/2016 12:00:00 AM,2017,12/26/2016 12:00:00 AM,Q1-17,1/23/2017 12:00:00 AM,M02-17,1/23/2017 12:00:00 AM,23-Jan-2017
1/1/2001 12:00:00 AM,AllTime,12/26/2016 12:00:00 AM,2017,12/26/2016 12:00:00 AM,Q1-17,1/23/2017 12:00:00 AM,M02-17,1/30/2017 12:00:00 AM,30-Jan-2017
1/1/2001 12:00:00 AM,AllTime,12/26/2016 12:00:00 AM,2017,12/26/2016 12:00:00 AM,Q1-17,1/23/2017 12:00:00 AM,M02-17,2/6/2017 12:00:00 AM,06-Feb-2017
1/1/2001 12:00:00 AM,AllTime,12/26/2016 12:00:00 AM,2017,12/26/2016 12:00:00 AM,Q1-17,1/23/2017 12:00:00 AM,M02-17,2/13/2017 12:00:00 AM,13-Feb-2017
1/1/2001 12:00:00 AM,AllTime,12/26/2016 12:00:00 AM,2017,12/26/2016 12:00:00 AM,Q1-17,2/20/2017 12:00:00 AM,M03-17,2/20/2017 12:00:00 AM,20-Feb-2017
1/1/2001 12:00:00 AM,AllTime,12/26/2016 12:00:00 AM,2017,12/26/2016 12:00:00 AM,Q1-17,2/20/2017 12:00:00 AM,M03-17,2/27/2017 12:00:00 AM,27-Feb-2017
1/1/2001 12:00:00 AM,AllTime,12/26/2016 12:00:00 AM,2017,9/25/2017 12:00:00 AM,Q4-17,9/25/2017 12:00:00 AM,M10-17,10/2/2017 12:00:00 AM,02-Oct-2017
1/1/2001 12:00:00 AM,AllTime,12/26/2016 12:00:00 AM,2017,9/25/2017 12:00:00 AM,Q4-17,9/25/2017 12:00:00 AM,M10-17,10/9/2017 12:00:00 AM,09-Oct-2017
1/1/2001 12:00:00 AM,AllTime,12/26/2016 12:00:00 AM,2017,9/25/2017 12:00:00 AM,Q4-17,9/25/2017 12:00:00 AM,M10-17,10/16/2017 12:00:00 AM,16-Oct-2017
1/1/2001 12:00:00 AM,AllTime,12/26/2016 12:00:00 AM,2017,9/25/2017 12:00:00 AM,Q4-17,10/23/2017 12:00:00 AM,M11-17,10/23/2017 12:00:00 AM,23-Oct-2017
1/1/2001 12:00:00 AM,AllTime,12/26/2016 12:00:00 AM,2017,9/25/2017 12:00:00 AM,Q4-17,10/23/2017 12:00:00 AM,M11-17,10/30/2017 12:00:00 AM,30-Oct-2017
1/1/2001 12:00:00 AM,AllTime,12/26/2016 12:00:00 AM,2017,9/25/2017 12:00:00 AM,Q4-17,10/23/2017 12:00:00 AM,M11-17,11/6/2017 12:00:00 AM,06-Nov-2017
1/1/2001 12:00:00 AM,AllTime,12/26/2016 12:00:00 AM,2017,9/25/2017 12:00:00 AM,Q4-17,10/23/2017 12:00:00 AM,M11-17,11/13/2017 12:00:00 AM,13-Nov-2017
1/1/2001 12:00:00 AM,AllTime,12/26/2016 12:00:00 AM,2017,9/25/2017 12:00:00 AM,Q4-17,11/20/2017 12:00:00 AM,M12-17,11/20/2017 12:00:00 AM,20-Nov-2017
1/1/2001 12:00:00 AM,AllTime,12/26/2016 12:00:00 AM,2017,9/25/2017 12:00:00 AM,Q4-17,11/20/2017 12:00:00 AM,M12-17,11/27/2017 12:00:00 AM,27-Nov-2017
1/1/2001 12:00:00 AM,AllTime,12/26/2016 12:00:00 AM,2017,9/25/2017 12:00:00 AM,Q4-17,11/20/2017 12:00:00 AM,M12-17,12/4/2017 12:00:00 AM,04-Dec-2017
1/1/2001 12:00:00 AM,AllTime,12/26/2016 12:00:00 AM,2017,9/25/2017 12:00:00 AM,Q4-17,11/20/2017 12:00:00 AM,M12-17,12/11/2017 12:00:00 AM,11-Dec-2017
1/1/2001 12:00:00 AM,AllTime,12/26/2016 12:00:00 AM,2017,9/25/2017 12:00:00 AM,Q4-17,11/20/2017 12:00:00 AM,M12-17,12/18/2017 12:00:00 AM,18-Dec-2017
1/1/2001 12:00:00 AM,AllTime,12/25/2017 12:00:00 AM,2018,12/25/2017 12:00:00 AM,Q1-18,12/25/2017 12:00:00 AM,M01-18,12/25/2017 12:00:00 AM,25-Dec-2017
1/1/2001 12:00:00 AM,AllTime,12/25/2017 12:00:00 AM,2018,12/25/2017 12:00:00 AM,Q1-18,12/25/2017 12:00:00 AM,M01-18,1/1/2018 12:00:00 AM,01-Jan-2018
1/1/2001 12:00:00 AM,AllTime,12/25/2017 12:00:00 AM,2018,12/25/2017 12:00:00 AM,Q1-18,12/25/2017 12:00:00 AM,M01-18,1/8/2018 12:00:00 AM,08-Jan-2018
1/1/2001 12:00:00 AM,AllTime,12/25/2017 12:00:00 AM,2018,12/25/2017 12:00:00 AM,Q1-18,12/25/2017 12:00:00 AM,M01-18,1/15/2018 12:00:00 AM,15-Jan-2018
1/1/2001 12:00:00 AM,AllTime,12/25/2017 12:00:00 AM,2018,12/25/2017 12:00:00 AM,Q1-18,1/22/2018 12:00:00 AM,M02-18,1/22/2018 12:00:00 AM,22-Jan-2018
1/1/2001 12:00:00 AM,AllTime,12/25/2017 12:00:00 AM,2018,12/25/2017 12:00:00 AM,Q1-18,1/22/2018 12:00:00 AM,M02-18,1/29/2018 12:00:00 AM,29-Jan-2018
1/1/2001 12:00:00 AM,AllTime,12/25/2017 12:00:00 AM,2018,12/25/2017 12:00:00 AM,Q1-18,1/22/2018 12:00:00 AM,M02-18,2/5/2018 12:00:00 AM,05-Feb-2018
1/1/2001 12:00:00 AM,AllTime,12/25/2017 12:00:00 AM,2018,12/25/2017 12:00:00 AM,Q1-18,1/22/2018 12:00:00 AM,M02-18,2/12/2018 12:00:00 AM,12-Feb-2018
1/1/2001 12:00:00 AM,AllTime,12/25/2017 12:00:00 AM,2018,12/25/2017 12:00:00 AM,Q1-18,2/19/2018 12:00:00 AM,M03-18,2/19/2018 12:00:00 AM,19-Feb-2018
1/1/2001 12:00:00 AM,AllTime,12/25/2017 12:00:00 AM,2018,12/25/2017 12:00:00 AM,Q1-18,2/19/2018 12:00:00 AM,M03-18,2/26/2018 12:00:00 AM,26-Feb-2018
1/1/2001 12:00:00 AM,AllTime,12/25/2017 12:00:00 AM,2018,9/24/2018 12:00:00 AM,Q4-18,9/24/2018 12:00:00 AM,M10-18,10/1/2018 12:00:00 AM,01-Oct-2018
1/1/2001 12:00:00 AM,AllTime,12/25/2017 12:00:00 AM,2018,9/24/2018 12:00:00 AM,Q4-18,9/24/2018 12:00:00 AM,M10-18,10/8/2018 12:00:00 AM,08-Oct-2018
1/1/2001 12:00:00 AM,AllTime,12/25/2017 12:00:00 AM,2018,9/24/2018 12:00:00 AM,Q4-18,9/24/2018 12:00:00 AM,M10-18,10/15/2018 12:00:00 AM,15-Oct-2018
1/1/2001 12:00:00 AM,AllTime,12/25/2017 12:00:00 AM,2018,9/24/2018 12:00:00 AM,Q4-18,10/22/2018 12:00:00 AM,M11-18,10/22/2018 12:00:00 AM,22-Oct-2018
1/1/2001 12:00:00 AM,AllTime,12/25/2017 12:00:00 AM,2018,9/24/2018 12:00:00 AM,Q4-18,10/22/2018 12:00:00 AM,M11-18,10/29/2018 12:00:00 AM,29-Oct-2018
1/1/2001 12:00:00 AM,AllTime,12/25/2017 12:00:00 AM,2018,9/24/2018 12:00:00 AM,Q4-18,10/22/2018 12:00:00 AM,M11-18,11/5/2018 12:00:00 AM,05-Nov-2018
1/1/2001 12:00:00 AM,AllTime,12/25/2017 12:00:00 AM,2018,9/24/2018 12:00:00 AM,Q4-18,10/22/2018 12:00:00 AM,M11-18,11/12/2018 12:00:00 AM,12-Nov-2018
1/1/2001 12:00:00 AM,AllTime,12/25/2017 12:00:00 AM,2018,9/24/2018 12:00:00 AM,Q4-18,10/22/2018 12:00:00 AM,M11-18,11/19/2018 12:00:00 AM,19-Nov-2018
1/1/2001 12:00:00 AM,AllTime,12/25/2017 12:00:00 AM,2018,9/24/2018 12:00:00 AM,Q4-18,11/26/2018 12:00:00 AM,M12-18,11/26/2018 12:00:00 AM,26-Nov-2018
1/1/2001 12:00:00 AM,AllTime,12/25/2017 12:00:00 AM,2018,9/24/2018 12:00:00 AM,Q4-18,11/26/2018 12:00:00 AM,M12-18,12/3/2018 12:00:00 AM,03-Dec-2018
1/1/2001 12:00:00 AM,AllTime,12/25/2017 12:00:00 AM,2018,9/24/2018 12:00:00 AM,Q4-18,11/26/2018 12:00:00 AM,M12-18,12/10/2018 12:00:00 AM,10-Dec-2018
1/1/2001 12:00:00 AM,AllTime,12/25/2017 12:00:00 AM,2018,9/24/2018 12:00:00 AM,Q4-18,11/26/2018 12:00:00 AM,M12-18,12/17/2018 12:00:00 AM,17-Dec-2018
1/1/2001 12:00:00 AM,AllTime,12/25/2017 12:00:00 AM,2018,9/24/2018 12:00:00 AM,Q4-18,11/26/2018 12:00:00 AM,M12-18,12/24/2018 12:00:00 AM,24-Dec-2018
1/1/2001 12:00:00 AM,AllTime,12/31/2018 12:00:00 AM,2019,12/31/2018 12:00:00 AM,Q1-19,12/31/2018 12:00:00 AM,M01-19,12/31/2018 12:00:00 AM,31-Dec-2018
1/1/2001 12:00:00 AM,AllTime,12/31/2018 12:00:00 AM,2019,12/31/2018 12:00:00 AM,Q1-19,12/31/2018 12:00:00 AM,M01-19,1/7/2019 12:00:00 AM,07-Jan-2019
1/1/2001 12:00:00 AM,AllTime,12/31/2018 12:00:00 AM,2019,12/31/2018 12:00:00 AM,Q1-19,12/31/2018 12:00:00 AM,M01-19,1/14/2019 12:00:00 AM,14-Jan-2019
1/1/2001 12:00:00 AM,AllTime,12/31/2018 12:00:00 AM,2019,12/31/2018 12:00:00 AM,Q1-19,12/31/2018 12:00:00 AM,M01-19,1/21/2019 12:00:00 AM,21-Jan-2019
1/1/2001 12:00:00 AM,AllTime,12/31/2018 12:00:00 AM,2019,12/31/2018 12:00:00 AM,Q1-19,1/28/2019 12:00:00 AM,M02-19,1/28/2019 12:00:00 AM,28-Jan-2019
1/1/2001 12:00:00 AM,AllTime,12/31/2018 12:00:00 AM,2019,12/31/2018 12:00:00 AM,Q1-19,1/28/2019 12:00:00 AM,M02-19,2/4/2019 12:00:00 AM,04-Feb-2019
1/1/2001 12:00:00 AM,AllTime,12/31/2018 12:00:00 AM,2019,12/31/2018 12:00:00 AM,Q1-19,1/28/2019 12:00:00 AM,M02-19,2/11/2019 12:00:00 AM,11-Feb-2019
1/1/2001 12:00:00 AM,AllTime,12/31/2018 12:00:00 AM,2019,12/31/2018 12:00:00 AM,Q1-19,1/28/2019 12:00:00 AM,M02-19,2/18/2019 12:00:00 AM,18-Feb-2019
1/1/2001 12:00:00 AM,AllTime,12/31/2018 12:00:00 AM,2019,12/31/2018 12:00:00 AM,Q1-19,2/25/2019 12:00:00 AM,M03-19,2/25/2019 12:00:00 AM,25-Feb-2019
1/1/2001 12:00:00 AM,AllTime,12/31/2018 12:00:00 AM,2019,9/30/2019 12:00:00 AM,Q4-19,9/30/2019 12:00:00 AM,M10-19,10/7/2019 12:00:00 AM,07-Oct-2019
1/1/2001 12:00:00 AM,AllTime,12/31/2018 12:00:00 AM,2019,9/30/2019 12:00:00 AM,Q4-19,9/30/2019 12:00:00 AM,M10-19,10/14/2019 12:00:00 AM,14-Oct-2019
1/1/2001 12:00:00 AM,AllTime,12/31/2018 12:00:00 AM,2019,9/30/2019 12:00:00 AM,Q4-19,9/30/2019 12:00:00 AM,M10-19,10/21/2019 12:00:00 AM,21-Oct-2019
1/1/2001 12:00:00 AM,AllTime,12/31/2018 12:00:00 AM,2019,9/30/2019 12:00:00 AM,Q4-19,10/28/2019 12:00:00 AM,M11-19,10/28/2019 12:00:00 AM,28-Oct-2019
1/1/2001 12:00:00 AM,AllTime,12/31/2018 12:00:00 AM,2019,9/30/2019 12:00:00 AM,Q4-19,10/28/2019 12:00:00 AM,M11-19,11/4/2019 12:00:00 AM,04-Nov-2019
1/1/2001 12:00:00 AM,AllTime,12/31/2018 12:00:00 AM,2019,9/30/2019 12:00:00 AM,Q4-19,10/28/2019 12:00:00 AM,M11-19,11/11/2019 12:00:00 AM,11-Nov-2019
1/1/2001 12:00:00 AM,AllTime,12/31/2018 12:00:00 AM,2019,9/30/2019 12:00:00 AM,Q4-19,10/28/2019 12:00:00 AM,M11-19,11/18/2019 12:00:00 AM,18-Nov-2019
1/1/2001 12:00:00 AM,AllTime,12/31/2018 12:00:00 AM,2019,9/30/2019 12:00:00 AM,Q4-19,11/25/2019 12:00:00 AM,M12-19,11/25/2019 12:00:00 AM,25-Nov-2019
1/1/2001 12:00:00 AM,AllTime,12/31/2018 12:00:00 AM,2019,9/30/2019 12:00:00 AM,Q4-19,11/25/2019 12:00:00 AM,M12-19,12/2/2019 12:00:00 AM,02-Dec-2019
1/1/2001 12:00:00 AM,AllTime,12/31/2018 12:00:00 AM,2019,9/30/2019 12:00:00 AM,Q4-19,11/25/2019 12:00:00 AM,M12-19,12/9/2019 12:00:00 AM,09-Dec-2019
1/1/2001 12:00:00 AM,AllTime,12/31/2018 12:00:00 AM,2019,9/30/2019 12:00:00 AM,Q4-19,11/25/2019 12:00:00 AM,M12-19,12/16/2019 12:00:00 AM,16-Dec-2019
1/1/2001 12:00:00 AM,AllTime,12/31/2018 12:00:00 AM,2019,9/30/2019 12:00:00 AM,Q4-19,11/25/2019 12:00:00 AM,M12-19,12/23/2019 12:00:00 AM,23-Dec-2019
1/1/2001 12:00:00 AM,AllTime,12/30/2019 12:00:00 AM,2020,12/30/2019 12:00:00 AM,Q1-20,12/30/2019 12:00:00 AM,M01-20,12/30/2019 12:00:00 AM,30-Dec-2019
1/1/2001 12:00:00 AM,AllTime,12/30/2019 12:00:00 AM,2020,12/30/2019 12:00:00 AM,Q1-20,12/30/2019 12:00:00 AM,M01-20,1/6/2020 12:00:00 AM,06-Jan-2020
1/1/2001 12:00:00 AM,AllTime,12/30/2019 12:00:00 AM,2020,12/30/2019 12:00:00 AM,Q1-20,12/30/2019 12:00:00 AM,M01-20,1/13/2020 12:00:00 AM,13-Jan-2020
1/1/2001 12:00:00 AM,AllTime,12/30/2019 12:00:00 AM,2020,12/30/2019 12:00:00 AM,Q1-20,12/30/2019 12:00:00 AM,M01-20,1/20/2020 12:00:00 AM,20-Jan-2020
1/1/2001 12:00:00 AM,AllTime,12/30/2019 12:00:00 AM,2020,12/30/2019 12:00:00 AM,Q1-20,1/27/2020 12:00:00 AM,M02-20,1/27/2020 12:00:00 AM,27-Jan-2020
1/1/2001 12:00:00 AM,AllTime,12/30/2019 12:00:00 AM,2020,12/30/2019 12:00:00 AM,Q1-20,1/27/2020 12:00:00 AM,M02-20,2/3/2020 12:00:00 AM,03-Feb-2020
1/1/2001 12:00:00 AM,AllTime,12/30/2019 12:00:00 AM,2020,12/30/2019 12:00:00 AM,Q1-20,1/27/2020 12:00:00 AM,M02-20,2/10/2020 12:00:00 AM,10-Feb-2020
1/1/2001 12:00:00 AM,AllTime,12/30/2019 12:00:00 AM,2020,12/30/2019 12:00:00 AM,Q1-20,1/27/2020 12:00:00 AM,M02-20,2/17/2020 12:00:00 AM,17-Feb-2020
1/1/2001 12:00:00 AM,AllTime,12/30/2019 12:00:00 AM,2020,12/30/2019 12:00:00 AM,Q1-20,2/24/2020 12:00:00 AM,M03-20,2/24/2020 12:00:00 AM,24-Feb-2020
1/1/2001 12:00:00 AM,AllTime,12/30/2019 12:00:00 AM,2020,9/28/2020 12:00:00 AM,Q4-20,9/28/2020 12:00:00 AM,M10-20,10/5/2020 12:00:00 AM,05-Oct-2020
1/1/2001 12:00:00 AM,AllTime,12/30/2019 12:00:00 AM,2020,9/28/2020 12:00:00 AM,Q4-20,9/28/2020 12:00:00 AM,M10-20,10/12/2020 12:00:00 AM,12-Oct-2020
1/1/2001 12:00:00 AM,AllTime,12/30/2019 12:00:00 AM,2020,9/28/2020 12:00:00 AM,Q4-20,9/28/2020 12:00:00 AM,M10-20,10/19/2020 12:00:00 AM,19-Oct-2020
1/1/2001 12:00:00 AM,AllTime,12/30/2019 12:00:00 AM,2020,9/28/2020 12:00:00 AM,Q4-20,10/26/2020 12:00:00 AM,M11-20,10/26/2020 12:00:00 AM,26-Oct-2020
1/1/2001 12:00:00 AM,AllTime,12/30/2019 12:00:00 AM,2020,9/28/2020 12:00:00 AM,Q4-20,10/26/2020 12:00:00 AM,M11-20,11/2/2020 12:00:00 AM,02-Nov-2020
1/1/2001 12:00:00 AM,AllTime,12/30/2019 12:00:00 AM,2020,9/28/2020 12:00:00 AM,Q4-20,10/26/2020 12:00:00 AM,M11-20,11/9/2020 12:00:00 AM,09-Nov-2020
1/1/2001 12:00:00 AM,AllTime,12/30/2019 12:00:00 AM,2020,9/28/2020 12:00:00 AM,Q4-20,10/26/2020 12:00:00 AM,M11-20,11/16/2020 12:00:00 AM,16-Nov-2020
1/1/2001 12:00:00 AM,AllTime,12/30/2019 12:00:00 AM,2020,9/28/2020 12:00:00 AM,Q4-20,11/23/2020 12:00:00 AM,M12-20,11/23/2020 12:00:00 AM,23-Nov-2020
1/1/2001 12:00:00 AM,AllTime,12/30/2019 12:00:00 AM,2020,9/28/2020 12:00:00 AM,Q4-20,11/23/2020 12:00:00 AM,M12-20,11/30/2020 12:00:00 AM,30-Nov-2020
1/1/2001 12:00:00 AM,AllTime,12/30/2019 12:00:00 AM,2020,9/28/2020 12:00:00 AM,Q4-20,11/23/2020 12:00:00 AM,M12-20,12/7/2020 12:00:00 AM,07-Dec-2020
1/1/2001 12:00:00 AM,AllTime,12/30/2019 12:00:00 AM,2020,9/28/2020 12:00:00 AM,Q4-20,11/23/2020 12:00:00 AM,M12-20,12/14/2020 12:00:00 AM,14-Dec-2020
1/1/2001 12:00:00 AM,AllTime,12/30/2019 12:00:00 AM,2020,9/28/2020 12:00:00 AM,Q4-20,11/23/2020 12:00:00 AM,M12-20,12/21/2020 12:00:00 AM,21-Dec-2020
1/1/2001 12:00:00 AM,AllTime,12/28/2020 12:00:00 AM,2021,12/28/2020 12:00:00 AM,Q1-21,12/28/2020 12:00:00 AM,M01-21,12/28/2020 12:00:00 AM,28-Dec-2020
1/1/2001 12:00:00 AM,AllTime,12/28/2020 12:00:00 AM,2021,12/28/2020 12:00:00 AM,Q1-21,12/28/2020 12:00:00 AM,M01-21,1/4/2021 12:00:00 AM,04-Jan-2021
1/1/2001 12:00:00 AM,AllTime,12/28/2020 12:00:00 AM,2021,12/28/2020 12:00:00 AM,Q1-21,12/28/2020 12:00:00 AM,M01-21,1/11/2021 12:00:00 AM,11-Jan-2021
1/1/2001 12:00:00 AM,AllTime,12/28/2020 12:00:00 AM,2021,12/28/2020 12:00:00 AM,Q1-21,12/28/2020 12:00:00 AM,M01-21,1/18/2021 12:00:00 AM,18-Jan-2021
1/1/2001 12:00:00 AM,AllTime,12/28/2020 12:00:00 AM,2021,12/28/2020 12:00:00 AM,Q1-21,1/25/2021 12:00:00 AM,M02-21,1/25/2021 12:00:00 AM,25-Jan-2021
1/1/2001 12:00:00 AM,AllTime,12/28/2020 12:00:00 AM,2021,12/28/2020 12:00:00 AM,Q1-21,1/25/2021 12:00:00 AM,M02-21,2/1/2021 12:00:00 AM,01-Feb-2021
1/1/2001 12:00:00 AM,AllTime,12/28/2020 12:00:00 AM,2021,12/28/2020 12:00:00 AM,Q1-21,1/25/2021 12:00:00 AM,M02-21,2/8/2021 12:00:00 AM,08-Feb-2021
1/1/2001 12:00:00 AM,AllTime,12/28/2020 12:00:00 AM,2021,12/28/2020 12:00:00 AM,Q1-21,1/25/2021 12:00:00 AM,M02-21,2/15/2021 12:00:00 AM,15-Feb-2021
1/1/2001 12:00:00 AM,AllTime,12/28/2020 12:00:00 AM,2021,12/28/2020 12:00:00 AM,Q1-21,2/22/2021 12:00:00 AM,M03-21,2/22/2021 12:00:00 AM,22-Feb-2021
1/1/2001 12:00:00 AM,AllTime,12/28/2020 12:00:00 AM,2021,9/27/2021 12:00:00 AM,Q4-21,9/27/2021 12:00:00 AM,M10-21,10/4/2021 12:00:00 AM,04-Oct-2021
1/1/2001 12:00:00 AM,AllTime,12/28/2020 12:00:00 AM,2021,9/27/2021 12:00:00 AM,Q4-21,9/27/2021 12:00:00 AM,M10-21,10/11/2021 12:00:00 AM,11-Oct-2021
1/1/2001 12:00:00 AM,AllTime,12/28/2020 12:00:00 AM,2021,9/27/2021 12:00:00 AM,Q4-21,9/27/2021 12:00:00 AM,M10-21,10/18/2021 12:00:00 AM,18-Oct-2021
1/1/2001 12:00:00 AM,AllTime,12/28/2020 12:00:00 AM,2021,9/27/2021 12:00:00 AM,Q4-21,10/25/2021 12:00:00 AM,M11-21,10/25/2021 12:00:00 AM,25-Oct-2021
1/1/2001 12:00:00 AM,AllTime,12/28/2020 12:00:00 AM,2021,9/27/2021 12:00:00 AM,Q4-21,10/25/2021 12:00:00 AM,M11-21,11/1/2021 12:00:00 AM,01-Nov-2021
1/1/2001 12:00:00 AM,AllTime,12/28/2020 12:00:00 AM,2021,9/27/2021 12:00:00 AM,Q4-21,10/25/2021 12:00:00 AM,M11-21,11/8/2021 12:00:00 AM,08-Nov-2021
1/1/2001 12:00:00 AM,AllTime,12/28/2020 12:00:00 AM,2021,9/27/2021 12:00:00 AM,Q4-21,10/25/2021 12:00:00 AM,M11-21,11/15/2021 12:00:00 AM,15-Nov-2021
1/1/2001 12:00:00 AM,AllTime,12/28/2020 12:00:00 AM,2021,9/27/2021 12:00:00 AM,Q4-21,11/22/2021 12:00:00 AM,M12-21,11/22/2021 12:00:00 AM,22-Nov-2021
1/1/2001 12:00:00 AM,AllTime,12/28/2020 12:00:00 AM,2021,9/27/2021 12:00:00 AM,Q4-21,11/22/2021 12:00:00 AM,M12-21,11/29/2021 12:00:00 AM,29-Nov-2021
1/1/2001 12:00:00 AM,AllTime,12/28/2020 12:00:00 AM,2021,9/27/2021 12:00:00 AM,Q4-21,11/22/2021 12:00:00 AM,M12-21,12/6/2021 12:00:00 AM,06-Dec-2021
1/1/2001 12:00:00 AM,AllTime,12/28/2020 12:00:00 AM,2021,9/27/2021 12:00:00 AM,Q4-21,11/22/2021 12:00:00 AM,M12-21,12/13/2021 12:00:00 AM,13-Dec-2021
1/1/2001 12:00:00 AM,AllTime,12/28/2020 12:00:00 AM,2021,9/27/2021 12:00:00 AM,Q4-21,11/22/2021 12:00:00 AM,M12-21,12/20/2021 12:00:00 AM,20-Dec-2021
1/1/2001 12:00:00 AM,AllTime,12/27/2021 12:00:00 AM,2022,12/27/2021 12:00:00 AM,Q1-22,12/27/2021 12:00:00 AM,M01-22,12/27/2021 12:00:00 AM,27-Dec-2021
1/1/2001 12:00:00 AM,AllTime,12/27/2021 12:00:00 AM,2022,12/27/2021 12:00:00 AM,Q1-22,12/27/2021 12:00:00 AM,M01-22,1/3/2022 12:00:00 AM,03-Jan-2022
1/1/2001 12:00:00 AM,AllTime,12/27/2021 12:00:00 AM,2022,12/27/2021 12:00:00 AM,Q1-22,12/27/2021 12:00:00 AM,M01-22,1/10/2022 12:00:00 AM,10-Jan-2022
1/1/2001 12:00:00 AM,AllTime,12/27/2021 12:00:00 AM,2022,12/27/2021 12:00:00 AM,Q1-22,12/27/2021 12:00:00 AM,M01-22,1/17/2022 12:00:00 AM,17-Jan-2022
1/1/2001 12:00:00 AM,AllTime,12/27/2021 12:00:00 AM,2022,12/27/2021 12:00:00 AM,Q1-22,1/24/2022 12:00:00 AM,M02-22,1/24/2022 12:00:00 AM,24-Jan-2022
1/1/2001 12:00:00 AM,AllTime,12/27/2021 12:00:00 AM,2022,12/27/2021 12:00:00 AM,Q1-22,1/24/2022 12:00:00 AM,M02-22,1/31/2022 12:00:00 AM,31-Jan-2022
1/1/2001 12:00:00 AM,AllTime,12/27/2021 12:00:00 AM,2022,12/27/2021 12:00:00 AM,Q1-22,1/24/2022 12:00:00 AM,M02-22,2/7/2022 12:00:00 AM,07-Feb-2022
1/1/2001 12:00:00 AM,AllTime,12/27/2021 12:00:00 AM,2022,12/27/2021 12:00:00 AM,Q1-22,1/24/2022 12:00:00 AM,M02-22,2/14/2022 12:00:00 AM,14-Feb-2022
1/1/2001 12:00:00 AM,AllTime,12/27/2021 12:00:00 AM,2022,12/27/2021 12:00:00 AM,Q1-22,2/21/2022 12:00:00 AM,M03-22,2/21/2022 12:00:00 AM,21-Feb-2022
1/1/2001 12:00:00 AM,AllTime,12/27/2021 12:00:00 AM,2022,12/27/2021 12:00:00 AM,Q1-22,2/21/2022 12:00:00 AM,M03-22,2/28/2022 12:00:00 AM,28-Feb-2022
1/1/2001 12:00:00 AM,AllTime,12/27/2021 12:00:00 AM,2022,9/26/2022 12:00:00 AM,Q4-22,9/26/2022 12:00:00 AM,M10-22,10/3/2022 12:00:00 AM,03-Oct-2022
1/1/2001 12:00:00 AM,AllTime,12/27/2021 12:00:00 AM,2022,9/26/2022 12:00:00 AM,Q4-22,9/26/2022 12:00:00 AM,M10-22,10/10/2022 12:00:00 AM,10-Oct-2022
1/1/2001 12:00:00 AM,AllTime,12/27/2021 12:00:00 AM,2022,9/26/2022 12:00:00 AM,Q4-22,9/26/2022 12:00:00 AM,M10-22,10/17/2022 12:00:00 AM,17-Oct-2022
1/1/2001 12:00:00 AM,AllTime,12/27/2021 12:00:00 AM,2022,9/26/2022 12:00:00 AM,Q4-22,10/24/2022 12:00:00 AM,M11-22,10/24/2022 12:00:00 AM,24-Oct-2022
1/1/2001 12:00:00 AM,AllTime,12/27/2021 12:00:00 AM,2022,9/26/2022 12:00:00 AM,Q4-22,10/24/2022 12:00:00 AM,M11-22,10/31/2022 12:00:00 AM,31-Oct-2022
1/1/2001 12:00:00 AM,AllTime,12/27/2021 12:00:00 AM,2022,9/26/2022 12:00:00 AM,Q4-22,10/24/2022 12:00:00 AM,M11-22,11/7/2022 12:00:00 AM,07-Nov-2022
1/1/2001 12:00:00 AM,AllTime,12/27/2021 12:00:00 AM,2022,9/26/2022 12:00:00 AM,Q4-22,10/24/2022 12:00:00 AM,M11-22,11/14/2022 12:00:00 AM,14-Nov-2022
1/1/2001 12:00:00 AM,AllTime,12/27/2021 12:00:00 AM,2022,9/26/2022 12:00:00 AM,Q4-22,11/21/2022 12:00:00 AM,M12-22,11/21/2022 12:00:00 AM,21-Nov-2022
1/1/2001 12:00:00 AM,AllTime,12/27/2021 12:00:00 AM,2022,9/26/2022 12:00:00 AM,Q4-22,11/21/2022 12:00:00 AM,M12-22,11/28/2022 12:00:00 AM,28-Nov-2022
1/1/2001 12:00:00 AM,AllTime,12/27/2021 12:00:00 AM,2022,9/26/2022 12:00:00 AM,Q4-22,11/21/2022 12:00:00 AM,M12-22,12/5/2022 12:00:00 AM,05-Dec-2022
1/1/2001 12:00:00 AM,AllTime,12/27/2021 12:00:00 AM,2022,9/26/2022 12:00:00 AM,Q4-22,11/21/2022 12:00:00 AM,M12-22,12/12/2022 12:00:00 AM,12-Dec-2022
1/1/2001 12:00:00 AM,AllTime,12/27/2021 12:00:00 AM,2022,9/26/2022 12:00:00 AM,Q4-22,11/21/2022 12:00:00 AM,M12-22,12/19/2022 12:00:00 AM,19-Dec-2022
1/1/2001 12:00:00 AM,AllTime,12/26/2022 12:00:00 AM,2023,12/26/2022 12:00:00 AM,Q1-23,12/26/2022 12:00:00 AM,M01-23,12/26/2022 12:00:00 AM,26-Dec-2022
1/1/2001 12:00:00 AM,AllTime,12/26/2022 12:00:00 AM,2023,12/26/2022 12:00:00 AM,Q1-23,12/26/2022 12:00:00 AM,M01-23,1/2/2023 12:00:00 AM,02-Jan-2023
1/1/2001 12:00:00 AM,AllTime,12/26/2022 12:00:00 AM,2023,12/26/2022 12:00:00 AM,Q1-23,12/26/2022 12:00:00 AM,M01-23,1/9/2023 12:00:00 AM,09-Jan-2023
1/1/2001 12:00:00 AM,AllTime,12/26/2022 12:00:00 AM,2023,12/26/2022 12:00:00 AM,Q1-23,12/26/2022 12:00:00 AM,M01-23,1/16/2023 12:00:00 AM,16-Jan-2023
1/1/2001 12:00:00 AM,AllTime,12/26/2022 12:00:00 AM,2023,12/26/2022 12:00:00 AM,Q1-23,1/23/2023 12:00:00 AM,M02-23,1/23/2023 12:00:00 AM,23-Jan-2023
1/1/2001 12:00:00 AM,AllTime,12/26/2022 12:00:00 AM,2023,12/26/2022 12:00:00 AM,Q1-23,1/23/2023 12:00:00 AM,M02-23,1/30/2023 12:00:00 AM,30-Jan-2023
1/1/2001 12:00:00 AM,AllTime,12/26/2022 12:00:00 AM,2023,12/26/2022 12:00:00 AM,Q1-23,1/23/2023 12:00:00 AM,M02-23,2/6/2023 12:00:00 AM,06-Feb-2023
1/1/2001 12:00:00 AM,AllTime,12/26/2022 12:00:00 AM,2023,12/26/2022 12:00:00 AM,Q1-23,1/23/2023 12:00:00 AM,M02-23,2/13/2023 12:00:00 AM,13-Feb-2023
1/1/2001 12:00:00 AM,AllTime,12/26/2022 12:00:00 AM,2023,12/26/2022 12:00:00 AM,Q1-23,2/20/2023 12:00:00 AM,M03-23,2/20/2023 12:00:00 AM,20-Feb-2023
1/1/2001 12:00:00 AM,AllTime,12/26/2022 12:00:00 AM,2023,12/26/2022 12:00:00 AM,Q1-23,2/20/2023 12:00:00 AM,M03-23,2/27/2023 12:00:00 AM,27-Feb-2023
1/1/2001 12:00:00 AM,AllTime,12/26/2022 12:00:00 AM,2023,9/25/2023 12:00:00 AM,Q4-23,9/25/2023 12:00:00 AM,M10-23,10/2/2023 12:00:00 AM,02-Oct-2023
1/1/2001 12:00:00 AM,AllTime,12/26/2022 12:00:00 AM,2023,9/25/2023 12:00:00 AM,Q4-23,9/25/2023 12:00:00 AM,M10-23,10/9/2023 12:00:00 AM,09-Oct-2023
1/1/2001 12:00:00 AM,AllTime,12/26/2022 12:00:00 AM,2023,9/25/2023 12:00:00 AM,Q4-23,9/25/2023 12:00:00 AM,M10-23,10/16/2023 12:00:00 AM,16-Oct-2023
1/1/2001 12:00:00 AM,AllTime,12/26/2022 12:00:00 AM,2023,9/25/2023 12:00:00 AM,Q4-23,10/23/2023 12:00:00 AM,M11-23,10/23/2023 12:00:00 AM,23-Oct-2023
1/1/2001 12:00:00 AM,AllTime,12/26/2022 12:00:00 AM,2023,9/25/2023 12:00:00 AM,Q4-23,10/23/2023 12:00:00 AM,M11-23,10/30/2023 12:00:00 AM,30-Oct-2023
1/1/2001 12:00:00 AM,AllTime,12/26/2022 12:00:00 AM,2023,9/25/2023 12:00:00 AM,Q4-23,10/23/2023 12:00:00 AM,M11-23,11/6/2023 12:00:00 AM,06-Nov-2023
1/1/2001 12:00:00 AM,AllTime,12/26/2022 12:00:00 AM,2023,9/25/2023 12:00:00 AM,Q4-23,10/23/2023 12:00:00 AM,M11-23,11/13/2023 12:00:00 AM,13-Nov-2023
1/1/2001 12:00:00 AM,AllTime,12/26/2022 12:00:00 AM,2023,9/25/2023 12:00:00 AM,Q4-23,10/23/2023 12:00:00 AM,M11-23,11/20/2023 12:00:00 AM,20-Nov-2023
1/1/2001 12:00:00 AM,AllTime,12/26/2022 12:00:00 AM,2023,9/25/2023 12:00:00 AM,Q4-23,11/27/2023 12:00:00 AM,M12-23,11/27/2023 12:00:00 AM,27-Nov-2023
1/1/2001 12:00:00 AM,AllTime,12/26/2022 12:00:00 AM,2023,9/25/2023 12:00:00 AM,Q4-23,11/27/2023 12:00:00 AM,M12-23,12/4/2023 12:00:00 AM,04-Dec-2023
1/1/2001 12:00:00 AM,AllTime,12/26/2022 12:00:00 AM,2023,9/25/2023 12:00:00 AM,Q4-23,11/27/2023 12:00:00 AM,M12-23,12/11/2023 12:00:00 AM,11-Dec-2023
1/1/2001 12:00:00 AM,AllTime,12/26/2022 12:00:00 AM,2023,9/25/2023 12:00:00 AM,Q4-23,11/27/2023 12:00:00 AM,M12-23,12/18/2023 12:00:00 AM,18-Dec-2023
1/1/2001 12:00:00 AM,AllTime,12/26/2022 12:00:00 AM,2023,9/25/2023 12:00:00 AM,Q4-23,11/27/2023 12:00:00 AM,M12-23,12/25/2023 12:00:00 AM,25-Dec-2023
1/1/2001 12:00:00 AM,AllTime,1/1/2024 12:00:00 AM,2024,1/1/2024 12:00:00 AM,Q1-24,1/1/2024 12:00:00 AM,M01-24,1/1/2024 12:00:00 AM,01-Jan-2024
1/1/2001 12:00:00 AM,AllTime,1/1/2024 12:00:00 AM,2024,1/1/2024 12:00:00 AM,Q1-24,1/1/2024 12:00:00 AM,M01-24,1/8/2024 12:00:00 AM,08-Jan-2024
1/1/2001 12:00:00 AM,AllTime,1/1/2024 12:00:00 AM,2024,1/1/2024 12:00:00 AM,Q1-24,1/1/2024 12:00:00 AM,M01-24,1/15/2024 12:00:00 AM,15-Jan-2024
1/1/2001 12:00:00 AM,AllTime,1/1/2024 12:00:00 AM,2024,1/1/2024 12:00:00 AM,Q1-24,1/1/2024 12:00:00 AM,M01-24,1/22/2024 12:00:00 AM,22-Jan-2024
1/1/2001 12:00:00 AM,AllTime,1/1/2024 12:00:00 AM,2024,1/1/2024 12:00:00 AM,Q1-24,1/29/2024 12:00:00 AM,M02-24,1/29/2024 12:00:00 AM,29-Jan-2024
1/1/2001 12:00:00 AM,AllTime,1/1/2024 12:00:00 AM,2024,1/1/2024 12:00:00 AM,Q1-24,1/29/2024 12:00:00 AM,M02-24,2/5/2024 12:00:00 AM,05-Feb-2024
1/1/2001 12:00:00 AM,AllTime,1/1/2024 12:00:00 AM,2024,1/1/2024 12:00:00 AM,Q1-24,1/29/2024 12:00:00 AM,M02-24,2/12/2024 12:00:00 AM,12-Feb-2024
1/1/2001 12:00:00 AM,AllTime,1/1/2024 12:00:00 AM,2024,1/1/2024 12:00:00 AM,Q1-24,1/29/2024 12:00:00 AM,M02-24,2/19/2024 12:00:00 AM,19-Feb-2024
1/1/2001 12:00:00 AM,AllTime,1/1/2024 12:00:00 AM,2024,1/1/2024 12:00:00 AM,Q1-24,2/26/2024 12:00:00 AM,M03-24,2/26/2024 12:00:00 AM,26-Feb-2024
1/1/2001 12:00:00 AM,AllTime,1/1/2024 12:00:00 AM,2024,9/30/2024 12:00:00 AM,Q4-24,9/30/2024 12:00:00 AM,M10-24,10/7/2024 12:00:00 AM,07-Oct-2024
1/1/2001 12:00:00 AM,AllTime,1/1/2024 12:00:00 AM,2024,9/30/2024 12:00:00 AM,Q4-24,9/30/2024 12:00:00 AM,M10-24,10/14/2024 12:00:00 AM,14-Oct-2024
1/1/2001 12:00:00 AM,AllTime,1/1/2024 12:00:00 AM,2024,9/30/2024 12:00:00 AM,Q4-24,9/30/2024 12:00:00 AM,M10-24,10/21/2024 12:00:00 AM,21-Oct-2024
1/1/2001 12:00:00 AM,AllTime,1/1/2024 12:00:00 AM,2024,9/30/2024 12:00:00 AM,Q4-24,10/28/2024 12:00:00 AM,M11-24,10/28/2024 12:00:00 AM,28-Oct-2024
1/1/2001 12:00:00 AM,AllTime,1/1/2024 12:00:00 AM,2024,9/30/2024 12:00:00 AM,Q4-24,10/28/2024 12:00:00 AM,M11-24,11/4/2024 12:00:00 AM,04-Nov-2024
1/1/2001 12:00:00 AM,AllTime,1/1/2024 12:00:00 AM,2024,9/30/2024 12:00:00 AM,Q4-24,10/28/2024 12:00:00 AM,M11-24,11/11/2024 12:00:00 AM,11-Nov-2024
1/1/2001 12:00:00 AM,AllTime,1/1/2024 12:00:00 AM,2024,9/30/2024 12:00:00 AM,Q4-24,10/28/2024 12:00:00 AM,M11-24,11/18/2024 12:00:00 AM,18-Nov-2024
1/1/2001 12:00:00 AM,AllTime,1/1/2024 12:00:00 AM,2024,9/30/2024 12:00:00 AM,Q4-24,11/25/2024 12:00:00 AM,M12-24,11/25/2024 12:00:00 AM,25-Nov-2024
1/1/2001 12:00:00 AM,AllTime,1/1/2024 12:00:00 AM,2024,9/30/2024 12:00:00 AM,Q4-24,11/25/2024 12:00:00 AM,M12-24,12/2/2024 12:00:00 AM,02-Dec-2024
1/1/2001 12:00:00 AM,AllTime,1/1/2024 12:00:00 AM,2024,9/30/2024 12:00:00 AM,Q4-24,11/25/2024 12:00:00 AM,M12-24,12/9/2024 12:00:00 AM,09-Dec-2024
1/1/2001 12:00:00 AM,AllTime,1/1/2024 12:00:00 AM,2024,9/30/2024 12:00:00 AM,Q4-24,11/25/2024 12:00:00 AM,M12-24,12/16/2024 12:00:00 AM,16-Dec-2024
1/1/2001 12:00:00 AM,AllTime,1/1/2024 12:00:00 AM,2024,9/30/2024 12:00:00 AM,Q4-24,11/25/2024 12:00:00 AM,M12-24,12/23/2024 12:00:00 AM,23-Dec-2024
1/1/2001 12:00:00 AM,AllTime,12/30/2024 12:00:00 AM,2025,12/30/2024 12:00:00 AM,Q1-25,12/30/2024 12:00:00 AM,M01-25,12/30/2024 12:00:00 AM,30-Dec-2024
1/1/2001 12:00:00 AM,AllTime,12/30/2024 12:00:00 AM,2025,12/30/2024 12:00:00 AM,Q1-25,12/30/2024 12:00:00 AM,M01-25,1/6/2025 12:00:00 AM,06-Jan-2025
1/1/2001 12:00:00 AM,AllTime,12/30/2024 12:00:00 AM,2025,12/30/2024 12:00:00 AM,Q1-25,12/30/2024 12:00:00 AM,M01-25,1/13/2025 12:00:00 AM,13-Jan-2025
1/1/2001 12:00:00 AM,AllTime,12/30/2024 12:00:00 AM,2025,12/30/2024 12:00:00 AM,Q1-25,12/30/2024 12:00:00 AM,M01-25,1/20/2025 12:00:00 AM,20-Jan-2025
1/1/2001 12:00:00 AM,AllTime,12/30/2024 12:00:00 AM,2025,12/30/2024 12:00:00 AM,Q1-25,1/27/2025 12:00:00 AM,M02-25,1/27/2025 12:00:00 AM,27-Jan-2025
1/1/2001 12:00:00 AM,AllTime,12/30/2024 12:00:00 AM,2025,12/30/2024 12:00:00 AM,Q1-25,1/27/2025 12:00:00 AM,M02-25,2/3/2025 12:00:00 AM,03-Feb-2025
1/1/2001 12:00:00 AM,AllTime,12/30/2024 12:00:00 AM,2025,12/30/2024 12:00:00 AM,Q1-25,1/27/2025 12:00:00 AM,M02-25,2/10/2025 12:00:00 AM,10-Feb-2025
1/1/2001 12:00:00 AM,AllTime,12/30/2024 12:00:00 AM,2025,12/30/2024 12:00:00 AM,Q1-25,1/27/2025 12:00:00 AM,M02-25,2/17/2025 12:00:00 AM,17-Feb-2025
1/1/2001 12:00:00 AM,AllTime,12/30/2024 12:00:00 AM,2025,12/30/2024 12:00:00 AM,Q1-25,2/24/2025 12:00:00 AM,M03-25,2/24/2025 12:00:00 AM,24-Feb-2025
1/1/2001 12:00:00 AM,AllTime,12/30/2024 12:00:00 AM,2025,9/29/2025 12:00:00 AM,Q4-25,9/29/2025 12:00:00 AM,M10-25,10/6/2025 12:00:00 AM,06-Oct-2025
1/1/2001 12:00:00 AM,AllTime,12/30/2024 12:00:00 AM,2025,9/29/2025 12:00:00 AM,Q4-25,9/29/2025 12:00:00 AM,M10-25,10/13/2025 12:00:00 AM,13-Oct-2025
1/1/2001 12:00:00 AM,AllTime,12/30/2024 12:00:00 AM,2025,9/29/2025 12:00:00 AM,Q4-25,9/29/2025 12:00:00 AM,M10-25,10/20/2025 12:00:00 AM,20-Oct-2025
1/1/2001 12:00:00 AM,AllTime,12/30/2024 12:00:00 AM,2025,9/29/2025 12:00:00 AM,Q4-25,10/27/2025 12:00:00 AM,M11-25,10/27/2025 12:00:00 AM,27-Oct-2025
1/1/2001 12:00:00 AM,AllTime,12/30/2024 12:00:00 AM,2025,9/29/2025 12:00:00 AM,Q4-25,10/27/2025 12:00:00 AM,M11-25,11/3/2025 12:00:00 AM,03-Nov-2025
1/1/2001 12:00:00 AM,AllTime,12/30/2024 12:00:00 AM,2025,9/29/2025 12:00:00 AM,Q4-25,10/27/2025 12:00:00 AM,M11-25,11/10/2025 12:00:00 AM,10-Nov-2025
1/1/2001 12:00:00 AM,AllTime,12/30/2024 12:00:00 AM,2025,9/29/2025 12:00:00 AM,Q4-25,10/27/2025 12:00:00 AM,M11-25,11/17/2025 12:00:00 AM,17-Nov-2025
1/1/2001 12:00:00 AM,AllTime,12/30/2024 12:00:00 AM,2025,9/29/2025 12:00:00 AM,Q4-25,11/24/2025 12:00:00 AM,M12-25,11/24/2025 12:00:00 AM,24-Nov-2025
1/1/2001 12:00:00 AM,AllTime,12/30/2024 12:00:00 AM,2025,9/29/2025 12:00:00 AM,Q4-25,11/24/2025 12:00:00 AM,M12-25,12/1/2025 12:00:00 AM,01-Dec-2025
1/1/2001 12:00:00 AM,AllTime,12/30/2024 12:00:00 AM,2025,9/29/2025 12:00:00 AM,Q4-25,11/24/2025 12:00:00 AM,M12-25,12/8/2025 12:00:00 AM,08-Dec-2025
1/1/2001 12:00:00 AM,AllTime,12/30/2024 12:00:00 AM,2025,9/29/2025 12:00:00 AM,Q4-25,11/24/2025 12:00:00 AM,M12-25,12/15/2025 12:00:00 AM,15-Dec-2025
1/1/2001 12:00:00 AM,AllTime,12/30/2024 12:00:00 AM,2025,9/29/2025 12:00:00 AM,Q4-25,11/24/2025 12:00:00 AM,M12-25,12/22/2025 12:00:00 AM,22-Dec-2025
1/1/2001 12:00:00 AM,AllTime,12/29/2025 12:00:00 AM,2026,12/29/2025 12:00:00 AM,Q1-26,12/29/2025 12:00:00 AM,M01-26,12/29/2025 12:00:00 AM,29-Dec-2025
1/1/2001 12:00:00 AM,AllTime,12/29/2025 12:00:00 AM,2026,12/29/2025 12:00:00 AM,Q1-26,12/29/2025 12:00:00 AM,M01-26,1/5/2026 12:00:00 AM,05-Jan-2026
1/1/2001 12:00:00 AM,AllTime,12/29/2025 12:00:00 AM,2026,12/29/2025 12:00:00 AM,Q1-26,12/29/2025 12:00:00 AM,M01-26,1/12/2026 12:00:00 AM,12-Jan-2026
1/1/2001 12:00:00 AM,AllTime,12/29/2025 12:00:00 AM,2026,12/29/2025 12:00:00 AM,Q1-26,12/29/2025 12:00:00 AM,M01-26,1/19/2026 12:00:00 AM,19-Jan-2026
1/1/2001 12:00:00 AM,AllTime,12/29/2025 12:00:00 AM,2026,12/29/2025 12:00:00 AM,Q1-26,1/26/2026 12:00:00 AM,M02-26,1/26/2026 12:00:00 AM,26-Jan-2026
1/1/2001 12:00:00 AM,AllTime,12/29/2025 12:00:00 AM,2026,12/29/2025 12:00:00 AM,Q1-26,1/26/2026 12:00:00 AM,M02-26,2/2/2026 12:00:00 AM,02-Feb-2026
1/1/2001 12:00:00 AM,AllTime,12/29/2025 12:00:00 AM,2026,12/29/2025 12:00:00 AM,Q1-26,1/26/2026 12:00:00 AM,M02-26,2/9/2026 12:00:00 AM,09-Feb-2026
1/1/2001 12:00:00 AM,AllTime,12/29/2025 12:00:00 AM,2026,12/29/2025 12:00:00 AM,Q1-26,1/26/2026 12:00:00 AM,M02-26,2/16/2026 12:00:00 AM,16-Feb-2026
1/1/2001 12:00:00 AM,AllTime,12/29/2025 12:00:00 AM,2026,12/29/2025 12:00:00 AM,Q1-26,2/23/2026 12:00:00 AM,M03-26,2/23/2026 12:00:00 AM,23-Feb-2026
1/1/2001 12:00:00 AM,AllTime,12/29/2025 12:00:00 AM,2026,9/28/2026 12:00:00 AM,Q4-26,9/28/2026 12:00:00 AM,M10-26,10/5/2026 12:00:00 AM,05-Oct-2026
1/1/2001 12:00:00 AM,AllTime,12/29/2025 12:00:00 AM,2026,9/28/2026 12:00:00 AM,Q4-26,9/28/2026 12:00:00 AM,M10-26,10/12/2026 12:00:00 AM,12-Oct-2026
1/1/2001 12:00:00 AM,AllTime,12/29/2025 12:00:00 AM,2026,9/28/2026 12:00:00 AM,Q4-26,9/28/2026 12:00:00 AM,M10-26,10/19/2026 12:00:00 AM,19-Oct-2026
1/1/2001 12:00:00 AM,AllTime,12/29/2025 12:00:00 AM,2026,9/28/2026 12:00:00 AM,Q4-26,10/26/2026 12:00:00 AM,M11-26,10/26/2026 12:00:00 AM,26-Oct-2026
1/1/2001 12:00:00 AM,AllTime,12/29/2025 12:00:00 AM,2026,9/28/2026 12:00:00 AM,Q4-26,10/26/2026 12:00:00 AM,M11-26,11/2/2026 12:00:00 AM,02-Nov-2026
1/1/2001 12:00:00 AM,AllTime,12/29/2025 12:00:00 AM,2026,9/28/2026 12:00:00 AM,Q4-26,10/26/2026 12:00:00 AM,M11-26,11/9/2026 12:00:00 AM,09-Nov-2026
1/1/2001 12:00:00 AM,AllTime,12/29/2025 12:00:00 AM,2026,9/28/2026 12:00:00 AM,Q4-26,10/26/2026 12:00:00 AM,M11-26,11/16/2026 12:00:00 AM,16-Nov-2026
1/1/2001 12:00:00 AM,AllTime,12/29/2025 12:00:00 AM,2026,9/28/2026 12:00:00 AM,Q4-26,11/23/2026 12:00:00 AM,M12-26,11/23/2026 12:00:00 AM,23-Nov-2026
1/1/2001 12:00:00 AM,AllTime,12/29/2025 12:00:00 AM,2026,9/28/2026 12:00:00 AM,Q4-26,11/23/2026 12:00:00 AM,M12-26,11/30/2026 12:00:00 AM,30-Nov-2026
1/1/2001 12:00:00 AM,AllTime,12/29/2025 12:00:00 AM,2026,9/28/2026 12:00:00 AM,Q4-26,11/23/2026 12:00:00 AM,M12-26,12/7/2026 12:00:00 AM,07-Dec-2026
1/1/2001 12:00:00 AM,AllTime,12/29/2025 12:00:00 AM,2026,9/28/2026 12:00:00 AM,Q4-26,11/23/2026 12:00:00 AM,M12-26,12/14/2026 12:00:00 AM,14-Dec-2026
1/1/2001 12:00:00 AM,AllTime,12/29/2025 12:00:00 AM,2026,9/28/2026 12:00:00 AM,Q4-26,11/23/2026 12:00:00 AM,M12-26,12/21/2026 12:00:00 AM,21-Dec-2026
1/1/2001 12:00:00 AM,AllTime,12/28/2026 12:00:00 AM,2027,12/28/2026 12:00:00 AM,Q1-27,12/28/2026 12:00:00 AM,M01-27,12/28/2026 12:00:00 AM,28-Dec-2026
1/1/2001 12:00:00 AM,AllTime,12/28/2026 12:00:00 AM,2027,12/28/2026 12:00:00 AM,Q1-27,12/28/2026 12:00:00 AM,M01-27,1/4/2027 12:00:00 AM,04-Jan-2027
1/1/2001 12:00:00 AM,AllTime,12/28/2026 12:00:00 AM,2027,12/28/2026 12:00:00 AM,Q1-27,12/28/2026 12:00:00 AM,M01-27,1/11/2027 12:00:00 AM,11-Jan-2027
1/1/2001 12:00:00 AM,AllTime,12/28/2026 12:00:00 AM,2027,12/28/2026 12:00:00 AM,Q1-27,12/28/2026 12:00:00 AM,M01-27,1/18/2027 12:00:00 AM,18-Jan-2027
1/1/2001 12:00:00 AM,AllTime,12/28/2026 12:00:00 AM,2027,12/28/2026 12:00:00 AM,Q1-27,1/25/2027 12:00:00 AM,M02-27,1/25/2027 12:00:00 AM,25-Jan-2027
1/1/2001 12:00:00 AM,AllTime,12/28/2026 12:00:00 AM,2027,12/28/2026 12:00:00 AM,Q1-27,1/25/2027 12:00:00 AM,M02-27,2/1/2027 12:00:00 AM,01-Feb-2027
1/1/2001 12:00:00 AM,AllTime,12/28/2026 12:00:00 AM,2027,12/28/2026 12:00:00 AM,Q1-27,1/25/2027 12:00:00 AM,M02-27,2/8/2027 12:00:00 AM,08-Feb-2027
1/1/2001 12:00:00 AM,AllTime,12/28/2026 12:00:00 AM,2027,12/28/2026 12:00:00 AM,Q1-27,1/25/2027 12:00:00 AM,M02-27,2/15/2027 12:00:00 AM,15-Feb-2027
1/1/2001 12:00:00 AM,AllTime,12/28/2026 12:00:00 AM,2027,12/28/2026 12:00:00 AM,Q1-27,2/22/2027 12:00:00 AM,M03-27,2/22/2027 12:00:00 AM,22-Feb-2027
1/1/2001 12:00:00 AM,AllTime,12/28/2026 12:00:00 AM,2027,9/27/2027 12:00:00 AM,Q4-27,9/27/2027 12:00:00 AM,M10-27,10/4/2027 12:00:00 AM,04-Oct-2027
1/1/2001 12:00:00 AM,AllTime,12/28/2026 12:00:00 AM,2027,9/27/2027 12:00:00 AM,Q4-27,9/27/2027 12:00:00 AM,M10-27,10/11/2027 12:00:00 AM,11-Oct-2027
1/1/2001 12:00:00 AM,AllTime,12/28/2026 12:00:00 AM,2027,9/27/2027 12:00:00 AM,Q4-27,9/27/2027 12:00:00 AM,M10-27,10/18/2027 12:00:00 AM,18-Oct-2027
1/1/2001 12:00:00 AM,AllTime,12/28/2026 12:00:00 AM,2027,9/27/2027 12:00:00 AM,Q4-27,10/25/2027 12:00:00 AM,M11-27,10/25/2027 12:00:00 AM,25-Oct-2027
1/1/2001 12:00:00 AM,AllTime,12/28/2026 12:00:00 AM,2027,9/27/2027 12:00:00 AM,Q4-27,10/25/2027 12:00:00 AM,M11-27,11/1/2027 12:00:00 AM,01-Nov-2027
1/1/2001 12:00:00 AM,AllTime,12/28/2026 12:00:00 AM,2027,9/27/2027 12:00:00 AM,Q4-27,10/25/2027 12:00:00 AM,M11-27,11/8/2027 12:00:00 AM,08-Nov-2027
1/1/2001 12:00:00 AM,AllTime,12/28/2026 12:00:00 AM,2027,9/27/2027 12:00:00 AM,Q4-27,10/25/2027 12:00:00 AM,M11-27,11/15/2027 12:00:00 AM,15-Nov-2027
1/1/2001 12:00:00 AM,AllTime,12/28/2026 12:00:00 AM,2027,9/27/2027 12:00:00 AM,Q4-27,11/22/2027 12:00:00 AM,M12-27,11/22/2027 12:00:00 AM,22-Nov-2027
1/1/2001 12:00:00 AM,AllTime,12/28/2026 12:00:00 AM,2027,9/27/2027 12:00:00 AM,Q4-27,11/22/2027 12:00:00 AM,M12-27,11/29/2027 12:00:00 AM,29-Nov-2027
1/1/2001 12:00:00 AM,AllTime,12/28/2026 12:00:00 AM,2027,9/27/2027 12:00:00 AM,Q4-27,11/22/2027 12:00:00 AM,M12-27,12/6/2027 12:00:00 AM,06-Dec-2027
1/1/2001 12:00:00 AM,AllTime,12/28/2026 12:00:00 AM,2027,9/27/2027 12:00:00 AM,Q4-27,11/22/2027 12:00:00 AM,M12-27,12/13/2027 12:00:00 AM,13-Dec-2027
1/1/2001 12:00:00 AM,AllTime,12/28/2026 12:00:00 AM,2027,9/27/2027 12:00:00 AM,Q4-27,11/22/2027 12:00:00 AM,M12-27,12/20/2027 12:00:00 AM,20-Dec-2027
1/1/2001 12:00:00 AM,AllTime,12/27/2027 12:00:00 AM,2028,12/27/2027 12:00:00 AM,Q1-28,12/27/2027 12:00:00 AM,M01-28,12/27/2027 12:00:00 AM,27-Dec-2027
1/1/2001 12:00:00 AM,AllTime,12/27/2027 12:00:00 AM,2028,12/27/2027 12:00:00 AM,Q1-28,12/27/2027 12:00:00 AM,M01-28,1/3/2028 12:00:00 AM,03-Jan-2028
1/1/2001 12:00:00 AM,AllTime,12/27/2027 12:00:00 AM,2028,12/27/2027 12:00:00 AM,Q1-28,12/27/2027 12:00:00 AM,M01-28,1/10/2028 12:00:00 AM,10-Jan-2028
1/1/2001 12:00:00 AM,AllTime,12/27/2027 12:00:00 AM,2028,12/27/2027 12:00:00 AM,Q1-28,12/27/2027 12:00:00 AM,M01-28,1/17/2028 12:00:00 AM,17-Jan-2028
1/1/2001 12:00:00 AM,AllTime,12/27/2027 12:00:00 AM,2028,12/27/2027 12:00:00 AM,Q1-28,1/24/2028 12:00:00 AM,M02-28,1/24/2028 12:00:00 AM,24-Jan-2028
1/1/2001 12:00:00 AM,AllTime,12/27/2027 12:00:00 AM,2028,12/27/2027 12:00:00 AM,Q1-28,1/24/2028 12:00:00 AM,M02-28,1/31/2028 12:00:00 AM,31-Jan-2028
1/1/2001 12:00:00 AM,AllTime,12/27/2027 12:00:00 AM,2028,12/27/2027 12:00:00 AM,Q1-28,1/24/2028 12:00:00 AM,M02-28,2/7/2028 12:00:00 AM,07-Feb-2028
1/1/2001 12:00:00 AM,AllTime,12/27/2027 12:00:00 AM,2028,12/27/2027 12:00:00 AM,Q1-28,1/24/2028 12:00:00 AM,M02-28,2/14/2028 12:00:00 AM,14-Feb-2028
1/1/2001 12:00:00 AM,AllTime,12/27/2027 12:00:00 AM,2028,12/27/2027 12:00:00 AM,Q1-28,2/21/2028 12:00:00 AM,M03-28,2/21/2028 12:00:00 AM,21-Feb-2028
1/1/2001 12:00:00 AM,AllTime,12/27/2027 12:00:00 AM,2028,12/27/2027 12:00:00 AM,Q1-28,2/21/2028 12:00:00 AM,M03-28,2/28/2028 12:00:00 AM,28-Feb-2028
1/1/2001 12:00:00 AM,AllTime,12/27/2027 12:00:00 AM,2028,9/25/2028 12:00:00 AM,Q4-28,9/25/2028 12:00:00 AM,M10-28,10/2/2028 12:00:00 AM,02-Oct-2028
1/1/2001 12:00:00 AM,AllTime,12/27/2027 12:00:00 AM,2028,9/25/2028 12:00:00 AM,Q4-28,9/25/2028 12:00:00 AM,M10-28,10/9/2028 12:00:00 AM,09-Oct-2028
1/1/2001 12:00:00 AM,AllTime,12/27/2027 12:00:00 AM,2028,9/25/2028 12:00:00 AM,Q4-28,9/25/2028 12:00:00 AM,M10-28,10/16/2028 12:00:00 AM,16-Oct-2028
1/1/2001 12:00:00 AM,AllTime,12/27/2027 12:00:00 AM,2028,9/25/2028 12:00:00 AM,Q4-28,10/23/2028 12:00:00 AM,M11-28,10/23/2028 12:00:00 AM,23-Oct-2028
1/1/2001 12:00:00 AM,AllTime,12/27/2027 12:00:00 AM,2028,9/25/2028 12:00:00 AM,Q4-28,10/23/2028 12:00:00 AM,M11-28,10/30/2028 12:00:00 AM,30-Oct-2028
1/1/2001 12:00:00 AM,AllTime,12/27/2027 12:00:00 AM,2028,9/25/2028 12:00:00 AM,Q4-28,10/23/2028 12:00:00 AM,M11-28,11/6/2028 12:00:00 AM,06-Nov-2028
1/1/2001 12:00:00 AM,AllTime,12/27/2027 12:00:00 AM,2028,9/25/2028 12:00:00 AM,Q4-28,10/23/2028 12:00:00 AM,M11-28,11/13/2028 12:00:00 AM,13-Nov-2028
1/1/2001 12:00:00 AM,AllTime,12/27/2027 12:00:00 AM,2028,9/25/2028 12:00:00 AM,Q4-28,10/23/2028 12:00:00 AM,M11-28,11/20/2028 12:00:00 AM,20-Nov-2028
1/1/2001 12:00:00 AM,AllTime,12/27/2027 12:00:00 AM,2028,9/25/2028 12:00:00 AM,Q4-28,11/27/2028 12:00:00 AM,M12-28,11/27/2028 12:00:00 AM,27-Nov-2028
1/1/2001 12:00:00 AM,AllTime,12/27/2027 12:00:00 AM,2028,9/25/2028 12:00:00 AM,Q4-28,11/27/2028 12:00:00 AM,M12-28,12/4/2028 12:00:00 AM,04-Dec-2028
1/1/2001 12:00:00 AM,AllTime,12/27/2027 12:00:00 AM,2028,9/25/2028 12:00:00 AM,Q4-28,11/27/2028 12:00:00 AM,M12-28,12/11/2028 12:00:00 AM,11-Dec-2028
1/1/2001 12:00:00 AM,AllTime,12/27/2027 12:00:00 AM,2028,9/25/2028 12:00:00 AM,Q4-28,11/27/2028 12:00:00 AM,M12-28,12/18/2028 12:00:00 AM,18-Dec-2028
1/1/2001 12:00:00 AM,AllTime,12/27/2027 12:00:00 AM,2028,9/25/2028 12:00:00 AM,Q4-28,11/27/2028 12:00:00 AM,M12-28,12/25/2028 12:00:00 AM,25-Dec-2028
1/1/2001 12:00:00 AM,AllTime,1/1/2029 12:00:00 AM,2029,1/1/2029 12:00:00 AM,Q1-29,1/1/2029 12:00:00 AM,M01-29,1/1/2029 12:00:00 AM,01-Jan-2029
1/1/2001 12:00:00 AM,AllTime,1/1/2029 12:00:00 AM,2029,1/1/2029 12:00:00 AM,Q1-29,1/1/2029 12:00:00 AM,M01-29,1/8/2029 12:00:00 AM,08-Jan-2029
1/1/2001 12:00:00 AM,AllTime,1/1/2029 12:00:00 AM,2029,1/1/2029 12:00:00 AM,Q1-29,1/1/2029 12:00:00 AM,M01-29,1/15/2029 12:00:00 AM,15-Jan-2029
1/1/2001 12:00:00 AM,AllTime,1/1/2029 12:00:00 AM,2029,1/1/2029 12:00:00 AM,Q1-29,1/1/2029 12:00:00 AM,M01-29,1/22/2029 12:00:00 AM,22-Jan-2029
1/1/2001 12:00:00 AM,AllTime,1/1/2029 12:00:00 AM,2029,1/1/2029 12:00:00 AM,Q1-29,1/29/2029 12:00:00 AM,M02-29,1/29/2029 12:00:00 AM,29-Jan-2029
1/1/2001 12:00:00 AM,AllTime,1/1/2029 12:00:00 AM,2029,1/1/2029 12:00:00 AM,Q1-29,1/29/2029 12:00:00 AM,M02-29,2/5/2029 12:00:00 AM,05-Feb-2029
1/1/2001 12:00:00 AM,AllTime,1/1/2029 12:00:00 AM,2029,1/1/2029 12:00:00 AM,Q1-29,1/29/2029 12:00:00 AM,M02-29,2/12/2029 12:00:00 AM,12-Feb-2029
1/1/2001 12:00:00 AM,AllTime,1/1/2029 12:00:00 AM,2029,1/1/2029 12:00:00 AM,Q1-29,1/29/2029 12:00:00 AM,M02-29,2/19/2029 12:00:00 AM,19-Feb-2029
1/1/2001 12:00:00 AM,AllTime,1/1/2029 12:00:00 AM,2029,1/1/2029 12:00:00 AM,Q1-29,2/26/2029 12:00:00 AM,M03-29,2/26/2029 12:00:00 AM,26-Feb-2029
1/1/2001 12:00:00 AM,AllTime,1/1/2029 12:00:00 AM,2029,10/1/2029 12:00:00 AM,Q4-29,10/1/2029 12:00:00 AM,M10-29,10/1/2029 12:00:00 AM,01-Oct-2029
1/1/2001 12:00:00 AM,AllTime,1/1/2029 12:00:00 AM,2029,10/1/2029 12:00:00 AM,Q4-29,10/1/2029 12:00:00 AM,M10-29,10/8/2029 12:00:00 AM,08-Oct-2029
1/1/2001 12:00:00 AM,AllTime,1/1/2029 12:00:00 AM,2029,10/1/2029 12:00:00 AM,Q4-29,10/1/2029 12:00:00 AM,M10-29,10/15/2029 12:00:00 AM,15-Oct-2029
1/1/2001 12:00:00 AM,AllTime,1/1/2029 12:00:00 AM,2029,10/1/2029 12:00:00 AM,Q4-29,10/1/2029 12:00:00 AM,M10-29,10/22/2029 12:00:00 AM,22-Oct-2029
1/1/2001 12:00:00 AM,AllTime,1/1/2029 12:00:00 AM,2029,10/1/2029 12:00:00 AM,Q4-29,10/29/2029 12:00:00 AM,M11-29,10/29/2029 12:00:00 AM,29-Oct-2029
1/1/2001 12:00:00 AM,AllTime,1/1/2029 12:00:00 AM,2029,10/1/2029 12:00:00 AM,Q4-29,10/29/2029 12:00:00 AM,M11-29,11/5/2029 12:00:00 AM,05-Nov-2029
1/1/2001 12:00:00 AM,AllTime,1/1/2029 12:00:00 AM,2029,10/1/2029 12:00:00 AM,Q4-29,10/29/2029 12:00:00 AM,M11-29,11/12/2029 12:00:00 AM,12-Nov-2029
1/1/2001 12:00:00 AM,AllTime,1/1/2029 12:00:00 AM,2029,10/1/2029 12:00:00 AM,Q4-29,10/29/2029 12:00:00 AM,M11-29,11/19/2029 12:00:00 AM,19-Nov-2029
1/1/2001 12:00:00 AM,AllTime,1/1/2029 12:00:00 AM,2029,10/1/2029 12:00:00 AM,Q4-29,11/26/2029 12:00:00 AM,M12-29,11/26/2029 12:00:00 AM,26-Nov-2029
1/1/2001 12:00:00 AM,AllTime,1/1/2029 12:00:00 AM,2029,10/1/2029 12:00:00 AM,Q4-29,11/26/2029 12:00:00 AM,M12-29,12/3/2029 12:00:00 AM,03-Dec-2029
1/1/2001 12:00:00 AM,AllTime,1/1/2029 12:00:00 AM,2029,10/1/2029 12:00:00 AM,Q4-29,11/26/2029 12:00:00 AM,M12-29,12/10/2029 12:00:00 AM,10-Dec-2029
1/1/2001 12:00:00 AM,AllTime,1/1/2029 12:00:00 AM,2029,10/1/2029 12:00:00 AM,Q4-29,11/26/2029 12:00:00 AM,M12-29,12/17/2029 12:00:00 AM,17-Dec-2029
1/1/2001 12:00:00 AM,AllTime,1/1/2029 12:00:00 AM,2029,10/1/2029 12:00:00 AM,Q4-29,11/26/2029 12:00:00 AM,M12-29,12/24/2029 12:00:00 AM,24-Dec-2029
1/1/2001 12:00:00 AM,AllTime,12/31/2029 12:00:00 AM,2030,12/31/2029 12:00:00 AM,Q1-30,12/31/2029 12:00:00 AM,M01-30,12/31/2029 12:00:00 AM,31-Dec-2029
1/1/2001 12:00:00 AM,AllTime,12/31/2029 12:00:00 AM,2030,12/31/2029 12:00:00 AM,Q1-30,12/31/2029 12:00:00 AM,M01-30,1/7/2030 12:00:00 AM,07-Jan-2030
1/1/2001 12:00:00 AM,AllTime,12/31/2029 12:00:00 AM,2030,12/31/2029 12:00:00 AM,Q1-30,12/31/2029 12:00:00 AM,M01-30,1/14/2030 12:00:00 AM,14-Jan-2030
1/1/2001 12:00:00 AM,AllTime,12/31/2029 12:00:00 AM,2030,12/31/2029 12:00:00 AM,Q1-30,12/31/2029 12:00:00 AM,M01-30,1/21/2030 12:00:00 AM,21-Jan-2030
1/1/2001 12:00:00 AM,AllTime,12/31/2029 12:00:00 AM,2030,12/31/2029 12:00:00 AM,Q1-30,1/28/2030 12:00:00 AM,M02-30,1/28/2030 12:00:00 AM,28-Jan-2030
1/1/2001 12:00:00 AM,AllTime,12/31/2029 12:00:00 AM,2030,12/31/2029 12:00:00 AM,Q1-30,1/28/2030 12:00:00 AM,M02-30,2/4/2030 12:00:00 AM,04-Feb-2030
1/1/2001 12:00:00 AM,AllTime,12/31/2029 12:00:00 AM,2030,12/31/2029 12:00:00 AM,Q1-30,1/28/2030 12:00:00 AM,M02-30,2/11/2030 12:00:00 AM,11-Feb-2030
1/1/2001 12:00:00 AM,AllTime,12/31/2029 12:00:00 AM,2030,12/31/2029 12:00:00 AM,Q1-30,1/28/2030 12:00:00 AM,M02-30,2/18/2030 12:00:00 AM,18-Feb-2030
1/1/2001 12:00:00 AM,AllTime,12/31/2029 12:00:00 AM,2030,12/31/2029 12:00:00 AM,Q1-30,2/25/2030 12:00:00 AM,M03-30,2/25/2030 12:00:00 AM,25-Feb-2030
1/1/2001 12:00:00 AM,AllTime,12/31/2029 12:00:00 AM,2030,9/30/2030 12:00:00 AM,Q4-30,9/30/2030 12:00:00 AM,M10-30,10/7/2030 12:00:00 AM,07-Oct-2030
1/1/2001 12:00:00 AM,AllTime,12/31/2029 12:00:00 AM,2030,9/30/2030 12:00:00 AM,Q4-30,9/30/2030 12:00:00 AM,M10-30,10/14/2030 12:00:00 AM,14-Oct-2030
1/1/2001 12:00:00 AM,AllTime,12/31/2029 12:00:00 AM,2030,9/30/2030 12:00:00 AM,Q4-30,9/30/2030 12:00:00 AM,M10-30,10/21/2030 12:00:00 AM,21-Oct-2030
1/1/2001 12:00:00 AM,AllTime,12/31/2029 12:00:00 AM,2030,9/30/2030 12:00:00 AM,Q4-30,10/28/2030 12:00:00 AM,M11-30,10/28/2030 12:00:00 AM,28-Oct-2030
1/1/2001 12:00:00 AM,AllTime,12/31/2029 12:00:00 AM,2030,9/30/2030 12:00:00 AM,Q4-30,10/28/2030 12:00:00 AM,M11-30,11/4/2030 12:00:00 AM,04-Nov-2030
1/1/2001 12:00:00 AM,AllTime,12/31/2029 12:00:00 AM,2030,9/30/2030 12:00:00 AM,Q4-30,10/28/2030 12:00:00 AM,M11-30,11/11/2030 12:00:00 AM,11-Nov-2030
1/1/2001 12:00:00 AM,AllTime,12/31/2029 12:00:00 AM,2030,9/30/2030 12:00:00 AM,Q4-30,10/28/2030 12:00:00 AM,M11-30,11/18/2030 12:00:00 AM,18-Nov-2030
1/1/2001 12:00:00 AM,AllTime,12/31/2029 12:00:00 AM,2030,9/30/2030 12:00:00 AM,Q4-30,11/25/2030 12:00:00 AM,M12-30,11/25/2030 12:00:00 AM,25-Nov-2030
1/1/2001 12:00:00 AM,AllTime,12/31/2029 12:00:00 AM,2030,9/30/2030 12:00:00 AM,Q4-30,11/25/2030 12:00:00 AM,M12-30,12/2/2030 12:00:00 AM,02-Dec-2030
1/1/2001 12:00:00 AM,AllTime,12/31/2029 12:00:00 AM,2030,9/30/2030 12:00:00 AM,Q4-30,11/25/2030 12:00:00 AM,M12-30,12/9/2030 12:00:00 AM,09-Dec-2030
1/1/2001 12:00:00 AM,AllTime,12/31/2029 12:00:00 AM,2030,9/30/2030 12:00:00 AM,Q4-30,11/25/2030 12:00:00 AM,M12-30,12/16/2030 12:00:00 AM,16-Dec-2030
1/1/2001 12:00:00 AM,AllTime,12/31/2029 12:00:00 AM,2030,9/30/2030 12:00:00 AM,Q4-30,11/25/2030 12:00:00 AM,M12-30,12/23/2030 12:00:00 AM,23-Dec-2030
